intervalstarttime_gmt,intervalendtime_gmt,opr_dt,opr_hr,node,lmp_type,mw,hour_ext,hour
2021-11-01T07:00:00Z,2021-11-01T08:00:00Z,2021-11-01,1,IRONMTN_2_N001,LMP,53.80617,07:00:00,8
2021-11-02T06:00:00Z,2021-11-02T07:00:00Z,2021-11-01,24,IRONMTN_2_N001,LMP,59.80704,06:00:00,7
2021-11-01T17:00:00Z,2021-11-01T18:00:00Z,2021-11-01,11,IRONMTN_2_N001,LMP,55.61361,17:00:00,18
2021-11-01T21:00:00Z,2021-11-01T22:00:00Z,2021-11-01,15,IRONMTN_2_N001,LMP,60.88,21:00:00,22
2021-11-02T03:00:00Z,2021-11-02T04:00:00Z,2021-11-01,21,IRONMTN_2_N001,LMP,77.05159,03:00:00,4
2021-11-01T12:00:00Z,2021-11-01T13:00:00Z,2021-11-01,6,IRONMTN_2_N001,LMP,62.82693,12:00:00,13
2021-11-02T04:00:00Z,2021-11-02T05:00:00Z,2021-11-01,22,IRONMTN_2_N001,LMP,75.88306,04:00:00,5
2021-11-01T22:00:00Z,2021-11-01T23:00:00Z,2021-11-01,16,IRONMTN_2_N001,LMP,66.88,22:00:00,23
2021-11-02T01:00:00Z,2021-11-02T02:00:00Z,2021-11-01,19,IRONMTN_2_N001,LMP,100.51012,01:00:00,2
2021-11-01T11:00:00Z,2021-11-01T12:00:00Z,2021-11-01,5,IRONMTN_2_N001,LMP,57.87383,11:00:00,12
2021-11-01T18:00:00Z,2021-11-01T19:00:00Z,2021-11-01,12,IRONMTN_2_N001,LMP,53.10831,18:00:00,19
2021-11-01T20:00:00Z,2021-11-01T21:00:00Z,2021-11-01,14,IRONMTN_2_N001,LMP,52.48251,20:00:00,21
2021-11-01T10:00:00Z,2021-11-01T11:00:00Z,2021-11-01,4,IRONMTN_2_N001,LMP,54.83541,10:00:00,11
2021-11-01T13:00:00Z,2021-11-01T14:00:00Z,2021-11-01,7,IRONMTN_2_N001,LMP,77.23518,13:00:00,14
2021-11-01T15:00:00Z,2021-11-01T16:00:00Z,2021-11-01,9,IRONMTN_2_N001,LMP,70.76145,15:00:00,16
2021-11-02T02:00:00Z,2021-11-02T03:00:00Z,2021-11-01,20,IRONMTN_2_N001,LMP,88.65732,02:00:00,3
2021-11-01T16:00:00Z,2021-11-01T17:00:00Z,2021-11-01,10,IRONMTN_2_N001,LMP,61.44341,16:00:00,17
2021-11-02T05:00:00Z,2021-11-02T06:00:00Z,2021-11-01,23,IRONMTN_2_N001,LMP,65.01026,05:00:00,6
2021-11-01T14:00:00Z,2021-11-01T15:00:00Z,2021-11-01,8,IRONMTN_2_N001,LMP,93.85902,14:00:00,15
2021-11-01T19:00:00Z,2021-11-01T20:00:00Z,2021-11-01,13,IRONMTN_2_N001,LMP,55.58328,19:00:00,20
2021-11-01T23:00:00Z,2021-11-02T00:00:00Z,2021-11-01,17,IRONMTN_2_N001,LMP,75.45331,23:00:00,24
2021-11-02T00:00:00Z,2021-11-02T01:00:00Z,2021-11-01,18,IRONMTN_2_N001,LMP,96.36528,00:00:00,1
2021-11-01T09:00:00Z,2021-11-01T10:00:00Z,2021-11-01,3,IRONMTN_2_N001,LMP,53.66247,09:00:00,10
2021-11-01T08:00:00Z,2021-11-01T09:00:00Z,2021-11-01,2,IRONMTN_2_N001,LMP,53.50195,08:00:00,9
2021-11-02T21:00:00Z,2021-11-02T22:00:00Z,2021-11-02,15,IRONMTN_2_N001,LMP,39.99312,21:00:00,22
2021-11-02T11:00:00Z,2021-11-02T12:00:00Z,2021-11-02,5,IRONMTN_2_N001,LMP,53.25812,11:00:00,12
2021-11-03T06:00:00Z,2021-11-03T07:00:00Z,2021-11-02,24,IRONMTN_2_N001,LMP,65.21083,06:00:00,7
2021-11-02T17:00:00Z,2021-11-02T18:00:00Z,2021-11-02,11,IRONMTN_2_N001,LMP,49.66133,17:00:00,18
2021-11-02T14:00:00Z,2021-11-02T15:00:00Z,2021-11-02,8,IRONMTN_2_N001,LMP,80.59917,14:00:00,15
2021-11-02T16:00:00Z,2021-11-02T17:00:00Z,2021-11-02,10,IRONMTN_2_N001,LMP,50.14498,16:00:00,17
2021-11-02T20:00:00Z,2021-11-02T21:00:00Z,2021-11-02,14,IRONMTN_2_N001,LMP,40.17708,20:00:00,21
2021-11-02T10:00:00Z,2021-11-02T11:00:00Z,2021-11-02,4,IRONMTN_2_N001,LMP,53.64685,10:00:00,11
2021-11-03T01:00:00Z,2021-11-03T02:00:00Z,2021-11-02,19,IRONMTN_2_N001,LMP,109.34887,01:00:00,2
2021-11-02T12:00:00Z,2021-11-02T13:00:00Z,2021-11-02,6,IRONMTN_2_N001,LMP,62.44,12:00:00,13
2021-11-02T13:00:00Z,2021-11-02T14:00:00Z,2021-11-02,7,IRONMTN_2_N001,LMP,74.36,13:00:00,14
2021-11-02T15:00:00Z,2021-11-02T16:00:00Z,2021-11-02,9,IRONMTN_2_N001,LMP,56.88785,15:00:00,16
2021-11-02T18:00:00Z,2021-11-02T19:00:00Z,2021-11-02,12,IRONMTN_2_N001,LMP,43.6113,18:00:00,19
2021-11-02T22:00:00Z,2021-11-02T23:00:00Z,2021-11-02,16,IRONMTN_2_N001,LMP,50.98519,22:00:00,23
2021-11-02T23:00:00Z,2021-11-03T00:00:00Z,2021-11-02,17,IRONMTN_2_N001,LMP,66.52744,23:00:00,24
2021-11-03T02:00:00Z,2021-11-03T03:00:00Z,2021-11-02,20,IRONMTN_2_N001,LMP,94.06185,02:00:00,3
2021-11-02T07:00:00Z,2021-11-02T08:00:00Z,2021-11-02,1,IRONMTN_2_N001,LMP,54.05364,07:00:00,8
2021-11-03T03:00:00Z,2021-11-03T04:00:00Z,2021-11-02,21,IRONMTN_2_N001,LMP,86.46709,03:00:00,4
2021-11-02T19:00:00Z,2021-11-02T20:00:00Z,2021-11-02,13,IRONMTN_2_N001,LMP,41.27516,19:00:00,20
2021-11-03T00:00:00Z,2021-11-03T01:00:00Z,2021-11-02,18,IRONMTN_2_N001,LMP,101.18565,00:00:00,1
2021-11-03T04:00:00Z,2021-11-03T05:00:00Z,2021-11-02,22,IRONMTN_2_N001,LMP,79.25045,04:00:00,5
2021-11-02T08:00:00Z,2021-11-02T09:00:00Z,2021-11-02,2,IRONMTN_2_N001,LMP,53.41352,08:00:00,9
2021-11-02T09:00:00Z,2021-11-02T10:00:00Z,2021-11-02,3,IRONMTN_2_N001,LMP,52.1968,09:00:00,10
2021-11-03T05:00:00Z,2021-11-03T06:00:00Z,2021-11-02,23,IRONMTN_2_N001,LMP,67.00158,05:00:00,6
2021-11-03T16:00:00Z,2021-11-03T17:00:00Z,2021-11-03,10,IRONMTN_2_N001,LMP,47.09164,16:00:00,17
2021-11-04T06:00:00Z,2021-11-04T07:00:00Z,2021-11-03,24,IRONMTN_2_N001,LMP,60.67837,06:00:00,7
2021-11-03T08:00:00Z,2021-11-03T09:00:00Z,2021-11-03,2,IRONMTN_2_N001,LMP,56.6156,08:00:00,9
2021-11-03T19:00:00Z,2021-11-03T20:00:00Z,2021-11-03,13,IRONMTN_2_N001,LMP,38.5,19:00:00,20
2021-11-03T12:00:00Z,2021-11-03T13:00:00Z,2021-11-03,6,IRONMTN_2_N001,LMP,64.43082,12:00:00,13
2021-11-03T09:00:00Z,2021-11-03T10:00:00Z,2021-11-03,3,IRONMTN_2_N001,LMP,54.51,09:00:00,10
2021-11-03T07:00:00Z,2021-11-03T08:00:00Z,2021-11-03,1,IRONMTN_2_N001,LMP,59.9331,07:00:00,8
2021-11-03T14:00:00Z,2021-11-03T15:00:00Z,2021-11-03,8,IRONMTN_2_N001,LMP,83.51184,14:00:00,15
2021-11-04T03:00:00Z,2021-11-04T04:00:00Z,2021-11-03,21,IRONMTN_2_N001,LMP,78.93913,03:00:00,4
2021-11-03T23:00:00Z,2021-11-04T00:00:00Z,2021-11-03,17,IRONMTN_2_N001,LMP,63.3575,23:00:00,24
2021-11-03T15:00:00Z,2021-11-03T16:00:00Z,2021-11-03,9,IRONMTN_2_N001,LMP,61.3832,15:00:00,16
2021-11-03T10:00:00Z,2021-11-03T11:00:00Z,2021-11-03,4,IRONMTN_2_N001,LMP,54.02654,10:00:00,11
2021-11-03T22:00:00Z,2021-11-03T23:00:00Z,2021-11-03,16,IRONMTN_2_N001,LMP,49.28731,22:00:00,23
2021-11-03T18:00:00Z,2021-11-03T19:00:00Z,2021-11-03,12,IRONMTN_2_N001,LMP,37.18991,18:00:00,19
2021-11-04T05:00:00Z,2021-11-04T06:00:00Z,2021-11-03,23,IRONMTN_2_N001,LMP,66.10271,05:00:00,6
2021-11-04T04:00:00Z,2021-11-04T05:00:00Z,2021-11-03,22,IRONMTN_2_N001,LMP,74.44607,04:00:00,5
2021-11-03T13:00:00Z,2021-11-03T14:00:00Z,2021-11-03,7,IRONMTN_2_N001,LMP,75.8687,13:00:00,14
2021-11-04T01:00:00Z,2021-11-04T02:00:00Z,2021-11-03,19,IRONMTN_2_N001,LMP,113.64486,01:00:00,2
2021-11-03T21:00:00Z,2021-11-03T22:00:00Z,2021-11-03,15,IRONMTN_2_N001,LMP,43.41427,21:00:00,22
2021-11-03T20:00:00Z,2021-11-03T21:00:00Z,2021-11-03,14,IRONMTN_2_N001,LMP,38.93014,20:00:00,21
2021-11-03T17:00:00Z,2021-11-03T18:00:00Z,2021-11-03,11,IRONMTN_2_N001,LMP,40.71674,17:00:00,18
2021-11-03T11:00:00Z,2021-11-03T12:00:00Z,2021-11-03,5,IRONMTN_2_N001,LMP,55.42181,11:00:00,12
2021-11-04T02:00:00Z,2021-11-04T03:00:00Z,2021-11-03,20,IRONMTN_2_N001,LMP,89.50401,02:00:00,3
2021-11-04T00:00:00Z,2021-11-04T01:00:00Z,2021-11-03,18,IRONMTN_2_N001,LMP,96.38849,00:00:00,1
2021-11-05T03:00:00Z,2021-11-05T04:00:00Z,2021-11-04,21,IRONMTN_2_N001,LMP,69.85559,03:00:00,4
2021-11-04T15:00:00Z,2021-11-04T16:00:00Z,2021-11-04,9,IRONMTN_2_N001,LMP,52.72093,15:00:00,16
2021-11-04T19:00:00Z,2021-11-04T20:00:00Z,2021-11-04,13,IRONMTN_2_N001,LMP,31.93398,19:00:00,20
2021-11-04T22:00:00Z,2021-11-04T23:00:00Z,2021-11-04,16,IRONMTN_2_N001,LMP,45.541,22:00:00,23
2021-11-05T00:00:00Z,2021-11-05T01:00:00Z,2021-11-04,18,IRONMTN_2_N001,LMP,78.16794,00:00:00,1
2021-11-04T23:00:00Z,2021-11-05T00:00:00Z,2021-11-04,17,IRONMTN_2_N001,LMP,53.73046,23:00:00,24
2021-11-04T10:00:00Z,2021-11-04T11:00:00Z,2021-11-04,4,IRONMTN_2_N001,LMP,49.37489,10:00:00,11
2021-11-05T05:00:00Z,2021-11-05T06:00:00Z,2021-11-04,23,IRONMTN_2_N001,LMP,60.18941,05:00:00,6
2021-11-04T20:00:00Z,2021-11-04T21:00:00Z,2021-11-04,14,IRONMTN_2_N001,LMP,35.18032,20:00:00,21
2021-11-04T08:00:00Z,2021-11-04T09:00:00Z,2021-11-04,2,IRONMTN_2_N001,LMP,50.37128,08:00:00,9
2021-11-04T13:00:00Z,2021-11-04T14:00:00Z,2021-11-04,7,IRONMTN_2_N001,LMP,67.73963,13:00:00,14
2021-11-04T16:00:00Z,2021-11-04T17:00:00Z,2021-11-04,10,IRONMTN_2_N001,LMP,39.79182,16:00:00,17
2021-11-04T17:00:00Z,2021-11-04T18:00:00Z,2021-11-04,11,IRONMTN_2_N001,LMP,32.32281,17:00:00,18
2021-11-04T18:00:00Z,2021-11-04T19:00:00Z,2021-11-04,12,IRONMTN_2_N001,LMP,33.63689,18:00:00,19
2021-11-04T09:00:00Z,2021-11-04T10:00:00Z,2021-11-04,3,IRONMTN_2_N001,LMP,48.74765,09:00:00,10
2021-11-04T11:00:00Z,2021-11-04T12:00:00Z,2021-11-04,5,IRONMTN_2_N001,LMP,49.52433,11:00:00,12
2021-11-04T21:00:00Z,2021-11-04T22:00:00Z,2021-11-04,15,IRONMTN_2_N001,LMP,39.04734,21:00:00,22
2021-11-05T01:00:00Z,2021-11-05T02:00:00Z,2021-11-04,19,IRONMTN_2_N001,LMP,90.87284,01:00:00,2
2021-11-05T02:00:00Z,2021-11-05T03:00:00Z,2021-11-04,20,IRONMTN_2_N001,LMP,76.53635,02:00:00,3
2021-11-04T07:00:00Z,2021-11-04T08:00:00Z,2021-11-04,1,IRONMTN_2_N001,LMP,52.76567,07:00:00,8
2021-11-04T12:00:00Z,2021-11-04T13:00:00Z,2021-11-04,6,IRONMTN_2_N001,LMP,53.08737,12:00:00,13
2021-11-05T04:00:00Z,2021-11-05T05:00:00Z,2021-11-04,22,IRONMTN_2_N001,LMP,67.38789,04:00:00,5
2021-11-05T06:00:00Z,2021-11-05T07:00:00Z,2021-11-04,24,IRONMTN_2_N001,LMP,56.95613,06:00:00,7
2021-11-04T14:00:00Z,2021-11-04T15:00:00Z,2021-11-04,8,IRONMTN_2_N001,LMP,72.71995,14:00:00,15
2021-11-06T00:00:00Z,2021-11-06T01:00:00Z,2021-11-05,18,IRONMTN_2_N001,LMP,86.34889,00:00:00,1
2021-11-06T06:00:00Z,2021-11-06T07:00:00Z,2021-11-05,24,IRONMTN_2_N001,LMP,58.71106,06:00:00,7
2021-11-06T05:00:00Z,2021-11-06T06:00:00Z,2021-11-05,23,IRONMTN_2_N001,LMP,65.64434,05:00:00,6
2021-11-05T18:00:00Z,2021-11-05T19:00:00Z,2021-11-05,12,IRONMTN_2_N001,LMP,36.09786,18:00:00,19
2021-11-05T10:00:00Z,2021-11-05T11:00:00Z,2021-11-05,4,IRONMTN_2_N001,LMP,49.73096,10:00:00,11
2021-11-05T15:00:00Z,2021-11-05T16:00:00Z,2021-11-05,9,IRONMTN_2_N001,LMP,59.27079,15:00:00,16
2021-11-06T04:00:00Z,2021-11-06T05:00:00Z,2021-11-05,22,IRONMTN_2_N001,LMP,71.72436,04:00:00,5
2021-11-06T03:00:00Z,2021-11-06T04:00:00Z,2021-11-05,21,IRONMTN_2_N001,LMP,66.97589,03:00:00,4
2021-11-05T08:00:00Z,2021-11-05T09:00:00Z,2021-11-05,2,IRONMTN_2_N001,LMP,49.83389,08:00:00,9
2021-11-05T12:00:00Z,2021-11-05T13:00:00Z,2021-11-05,6,IRONMTN_2_N001,LMP,62.25619,12:00:00,13
2021-11-05T14:00:00Z,2021-11-05T15:00:00Z,2021-11-05,8,IRONMTN_2_N001,LMP,84.66869,14:00:00,15
2021-11-05T07:00:00Z,2021-11-05T08:00:00Z,2021-11-05,1,IRONMTN_2_N001,LMP,51.1082,07:00:00,8
2021-11-05T09:00:00Z,2021-11-05T10:00:00Z,2021-11-05,3,IRONMTN_2_N001,LMP,49.61848,09:00:00,10
2021-11-05T17:00:00Z,2021-11-05T18:00:00Z,2021-11-05,11,IRONMTN_2_N001,LMP,39.00771,17:00:00,18
2021-11-05T22:00:00Z,2021-11-05T23:00:00Z,2021-11-05,16,IRONMTN_2_N001,LMP,50.62873,22:00:00,23
2021-11-05T23:00:00Z,2021-11-06T00:00:00Z,2021-11-05,17,IRONMTN_2_N001,LMP,53.92032,23:00:00,24
2021-11-06T02:00:00Z,2021-11-06T03:00:00Z,2021-11-05,20,IRONMTN_2_N001,LMP,77.7352,02:00:00,3
2021-11-05T19:00:00Z,2021-11-05T20:00:00Z,2021-11-05,13,IRONMTN_2_N001,LMP,38.8135,19:00:00,20
2021-11-05T20:00:00Z,2021-11-05T21:00:00Z,2021-11-05,14,IRONMTN_2_N001,LMP,37.46618,20:00:00,21
2021-11-05T21:00:00Z,2021-11-05T22:00:00Z,2021-11-05,15,IRONMTN_2_N001,LMP,40.95779,21:00:00,22
2021-11-06T01:00:00Z,2021-11-06T02:00:00Z,2021-11-05,19,IRONMTN_2_N001,LMP,96.22255,01:00:00,2
2021-11-05T11:00:00Z,2021-11-05T12:00:00Z,2021-11-05,5,IRONMTN_2_N001,LMP,51.30807,11:00:00,12
2021-11-05T16:00:00Z,2021-11-05T17:00:00Z,2021-11-05,10,IRONMTN_2_N001,LMP,45.07265,16:00:00,17
2021-11-05T13:00:00Z,2021-11-05T14:00:00Z,2021-11-05,7,IRONMTN_2_N001,LMP,74.3935,13:00:00,14
2021-11-06T15:00:00Z,2021-11-06T16:00:00Z,2021-11-06,9,IRONMTN_2_N001,LMP,51.21575,15:00:00,16
2021-11-06T09:00:00Z,2021-11-06T10:00:00Z,2021-11-06,3,IRONMTN_2_N001,LMP,50.69645,09:00:00,10
2021-11-06T10:00:00Z,2021-11-06T11:00:00Z,2021-11-06,4,IRONMTN_2_N001,LMP,51.72026,10:00:00,11
2021-11-06T14:00:00Z,2021-11-06T15:00:00Z,2021-11-06,8,IRONMTN_2_N001,LMP,64.06064,14:00:00,15
2021-11-07T05:00:00Z,2021-11-07T06:00:00Z,2021-11-06,23,IRONMTN_2_N001,LMP,53.25549,05:00:00,6
2021-11-06T22:00:00Z,2021-11-06T23:00:00Z,2021-11-06,16,IRONMTN_2_N001,LMP,36.23505,22:00:00,23
2021-11-06T07:00:00Z,2021-11-06T08:00:00Z,2021-11-06,1,IRONMTN_2_N001,LMP,57.41878,07:00:00,8
2021-11-06T21:00:00Z,2021-11-06T22:00:00Z,2021-11-06,15,IRONMTN_2_N001,LMP,30.8715,21:00:00,22
2021-11-07T02:00:00Z,2021-11-07T03:00:00Z,2021-11-06,20,IRONMTN_2_N001,LMP,62.16359,02:00:00,3
2021-11-07T04:00:00Z,2021-11-07T05:00:00Z,2021-11-06,22,IRONMTN_2_N001,LMP,59.05868,04:00:00,5
2021-11-06T12:00:00Z,2021-11-06T13:00:00Z,2021-11-06,6,IRONMTN_2_N001,LMP,55.59795,12:00:00,13
2021-11-07T06:00:00Z,2021-11-07T07:00:00Z,2021-11-06,24,IRONMTN_2_N001,LMP,53.11564,06:00:00,7
2021-11-06T18:00:00Z,2021-11-06T19:00:00Z,2021-11-06,12,IRONMTN_2_N001,LMP,27.3277,18:00:00,19
2021-11-06T23:00:00Z,2021-11-07T00:00:00Z,2021-11-06,17,IRONMTN_2_N001,LMP,53.71312,23:00:00,24
2021-11-07T00:00:00Z,2021-11-07T01:00:00Z,2021-11-06,18,IRONMTN_2_N001,LMP,72.92476,00:00:00,1
2021-11-06T16:00:00Z,2021-11-06T17:00:00Z,2021-11-06,10,IRONMTN_2_N001,LMP,34.42486,16:00:00,17
2021-11-06T17:00:00Z,2021-11-06T18:00:00Z,2021-11-06,11,IRONMTN_2_N001,LMP,27.84893,17:00:00,18
2021-11-07T03:00:00Z,2021-11-07T04:00:00Z,2021-11-06,21,IRONMTN_2_N001,LMP,63.78682,03:00:00,4
2021-11-06T20:00:00Z,2021-11-06T21:00:00Z,2021-11-06,14,IRONMTN_2_N001,LMP,27.07985,20:00:00,21
2021-11-07T01:00:00Z,2021-11-07T02:00:00Z,2021-11-06,19,IRONMTN_2_N001,LMP,78.47273,01:00:00,2
2021-11-06T08:00:00Z,2021-11-06T09:00:00Z,2021-11-06,2,IRONMTN_2_N001,LMP,54.5108,08:00:00,9
2021-11-06T13:00:00Z,2021-11-06T14:00:00Z,2021-11-06,7,IRONMTN_2_N001,LMP,63.10376,13:00:00,14
2021-11-06T19:00:00Z,2021-11-06T20:00:00Z,2021-11-06,13,IRONMTN_2_N001,LMP,28.02855,19:00:00,20
2021-11-06T11:00:00Z,2021-11-06T12:00:00Z,2021-11-06,5,IRONMTN_2_N001,LMP,50.76546,11:00:00,12
2021-11-07T23:00:00Z,2021-11-08T00:00:00Z,2021-11-07,16,IRONMTN_2_N001,LMP,47.07445,23:00:00,24
2021-11-07T21:00:00Z,2021-11-07T22:00:00Z,2021-11-07,14,IRONMTN_2_N001,LMP,11.65452,21:00:00,22
2021-11-08T01:00:00Z,2021-11-08T02:00:00Z,2021-11-07,18,IRONMTN_2_N001,LMP,85.48298,01:00:00,2
2021-11-07T19:00:00Z,2021-11-07T20:00:00Z,2021-11-07,12,IRONMTN_2_N001,LMP,4.4021,19:00:00,20
2021-11-07T17:00:00Z,2021-11-07T18:00:00Z,2021-11-07,10,IRONMTN_2_N001,LMP,5.74394,17:00:00,18
2021-11-07T09:00:00Z,2021-11-07T10:00:00Z,2021-11-07,25,IRONMTN_2_N001,LMP,49.18024,09:00:00,10
2021-11-08T05:00:00Z,2021-11-08T06:00:00Z,2021-11-07,22,IRONMTN_2_N001,LMP,58.9356,05:00:00,6
2021-11-07T10:00:00Z,2021-11-07T11:00:00Z,2021-11-07,3,IRONMTN_2_N001,LMP,51.69133,10:00:00,11
2021-11-07T18:00:00Z,2021-11-07T19:00:00Z,2021-11-07,11,IRONMTN_2_N001,LMP,4.16892,18:00:00,19
2021-11-08T00:00:00Z,2021-11-08T01:00:00Z,2021-11-07,17,IRONMTN_2_N001,LMP,68.1822,00:00:00,1
2021-11-07T11:00:00Z,2021-11-07T12:00:00Z,2021-11-07,4,IRONMTN_2_N001,LMP,52.8927,11:00:00,12
2021-11-07T12:00:00Z,2021-11-07T13:00:00Z,2021-11-07,5,IRONMTN_2_N001,LMP,56.25065,12:00:00,13
2021-11-07T15:00:00Z,2021-11-07T16:00:00Z,2021-11-07,8,IRONMTN_2_N001,LMP,46.1662,15:00:00,16
2021-11-07T08:00:00Z,2021-11-07T09:00:00Z,2021-11-07,2,IRONMTN_2_N001,LMP,50.85099,08:00:00,9
2021-11-08T03:00:00Z,2021-11-08T04:00:00Z,2021-11-07,20,IRONMTN_2_N001,LMP,67.21357,03:00:00,4
2021-11-08T04:00:00Z,2021-11-08T05:00:00Z,2021-11-07,21,IRONMTN_2_N001,LMP,62.25053,04:00:00,5
2021-11-08T06:00:00Z,2021-11-08T07:00:00Z,2021-11-07,23,IRONMTN_2_N001,LMP,56.90176,06:00:00,7
2021-11-07T14:00:00Z,2021-11-07T15:00:00Z,2021-11-07,7,IRONMTN_2_N001,LMP,58.97718,14:00:00,15
2021-11-07T13:00:00Z,2021-11-07T14:00:00Z,2021-11-07,6,IRONMTN_2_N001,LMP,60.49867,13:00:00,14
2021-11-07T22:00:00Z,2021-11-07T23:00:00Z,2021-11-07,15,IRONMTN_2_N001,LMP,21.65835,22:00:00,23
2021-11-08T02:00:00Z,2021-11-08T03:00:00Z,2021-11-07,19,IRONMTN_2_N001,LMP,68.87875,02:00:00,3
2021-11-07T20:00:00Z,2021-11-07T21:00:00Z,2021-11-07,13,IRONMTN_2_N001,LMP,5.21454,20:00:00,21
2021-11-08T07:00:00Z,2021-11-08T08:00:00Z,2021-11-07,24,IRONMTN_2_N001,LMP,55,07:00:00,8
2021-11-07T16:00:00Z,2021-11-07T17:00:00Z,2021-11-07,9,IRONMTN_2_N001,LMP,18.32491,16:00:00,17
2021-11-07T07:00:00Z,2021-11-07T08:00:00Z,2021-11-07,1,IRONMTN_2_N001,LMP,49.83334,07:00:00,8
2021-11-08T22:00:00Z,2021-11-08T23:00:00Z,2021-11-08,15,IRONMTN_2_N001,LMP,41.44822,22:00:00,23
2021-11-08T18:00:00Z,2021-11-08T19:00:00Z,2021-11-08,11,IRONMTN_2_N001,LMP,34.21452,18:00:00,19
2021-11-08T14:00:00Z,2021-11-08T15:00:00Z,2021-11-08,7,IRONMTN_2_N001,LMP,71.02051,14:00:00,15
2021-11-08T15:00:00Z,2021-11-08T16:00:00Z,2021-11-08,8,IRONMTN_2_N001,LMP,61.1702,15:00:00,16
2021-11-08T19:00:00Z,2021-11-08T20:00:00Z,2021-11-08,12,IRONMTN_2_N001,LMP,24.74343,19:00:00,20
2021-11-08T23:00:00Z,2021-11-09T00:00:00Z,2021-11-08,16,IRONMTN_2_N001,LMP,60.70538,23:00:00,24
2021-11-08T10:00:00Z,2021-11-08T11:00:00Z,2021-11-08,3,IRONMTN_2_N001,LMP,48.38726,10:00:00,11
2021-11-09T07:00:00Z,2021-11-09T08:00:00Z,2021-11-08,24,IRONMTN_2_N001,LMP,56.49234,07:00:00,8
2021-11-09T06:00:00Z,2021-11-09T07:00:00Z,2021-11-08,23,IRONMTN_2_N001,LMP,63.60127,06:00:00,7
2021-11-09T02:00:00Z,2021-11-09T03:00:00Z,2021-11-08,19,IRONMTN_2_N001,LMP,88.9704,02:00:00,3
2021-11-08T20:00:00Z,2021-11-08T21:00:00Z,2021-11-08,13,IRONMTN_2_N001,LMP,33.52544,20:00:00,21
2021-11-08T08:00:00Z,2021-11-08T09:00:00Z,2021-11-08,1,IRONMTN_2_N001,LMP,49.47129,08:00:00,9
2021-11-08T12:00:00Z,2021-11-08T13:00:00Z,2021-11-08,5,IRONMTN_2_N001,LMP,53.72475,12:00:00,13
2021-11-08T16:00:00Z,2021-11-08T17:00:00Z,2021-11-08,9,IRONMTN_2_N001,LMP,40.9231,16:00:00,17
2021-11-08T17:00:00Z,2021-11-08T18:00:00Z,2021-11-08,10,IRONMTN_2_N001,LMP,38.51172,17:00:00,18
2021-11-08T21:00:00Z,2021-11-08T22:00:00Z,2021-11-08,14,IRONMTN_2_N001,LMP,30.21581,21:00:00,22
2021-11-09T01:00:00Z,2021-11-09T02:00:00Z,2021-11-08,18,IRONMTN_2_N001,LMP,110.63508,01:00:00,2
2021-11-09T04:00:00Z,2021-11-09T05:00:00Z,2021-11-08,21,IRONMTN_2_N001,LMP,74.37987,04:00:00,5
2021-11-08T09:00:00Z,2021-11-08T10:00:00Z,2021-11-08,2,IRONMTN_2_N001,LMP,48.84174,09:00:00,10
2021-11-09T05:00:00Z,2021-11-09T06:00:00Z,2021-11-08,22,IRONMTN_2_N001,LMP,68.02899,05:00:00,6
2021-11-09T00:00:00Z,2021-11-09T01:00:00Z,2021-11-08,17,IRONMTN_2_N001,LMP,80.5414,00:00:00,1
2021-11-08T13:00:00Z,2021-11-08T14:00:00Z,2021-11-08,6,IRONMTN_2_N001,LMP,63.46891,13:00:00,14
2021-11-08T11:00:00Z,2021-11-08T12:00:00Z,2021-11-08,4,IRONMTN_2_N001,LMP,49.7869,11:00:00,12
2021-11-09T03:00:00Z,2021-11-09T04:00:00Z,2021-11-08,20,IRONMTN_2_N001,LMP,81.73982,03:00:00,4
2021-11-10T02:00:00Z,2021-11-10T03:00:00Z,2021-11-09,19,IRONMTN_2_N001,LMP,85.65901,02:00:00,3
2021-11-09T12:00:00Z,2021-11-09T13:00:00Z,2021-11-09,5,IRONMTN_2_N001,LMP,56.26923,12:00:00,13
2021-11-10T01:00:00Z,2021-11-10T02:00:00Z,2021-11-09,18,IRONMTN_2_N001,LMP,105.26517,01:00:00,2
2021-11-09T23:00:00Z,2021-11-10T00:00:00Z,2021-11-09,16,IRONMTN_2_N001,LMP,61.67401,23:00:00,24
2021-11-09T19:00:00Z,2021-11-09T20:00:00Z,2021-11-09,12,IRONMTN_2_N001,LMP,39.25623,19:00:00,20
2021-11-09T22:00:00Z,2021-11-09T23:00:00Z,2021-11-09,15,IRONMTN_2_N001,LMP,47.96728,22:00:00,23
2021-11-09T18:00:00Z,2021-11-09T19:00:00Z,2021-11-09,11,IRONMTN_2_N001,LMP,41.6404,18:00:00,19
2021-11-09T20:00:00Z,2021-11-09T21:00:00Z,2021-11-09,13,IRONMTN_2_N001,LMP,41.15985,20:00:00,21
2021-11-10T05:00:00Z,2021-11-10T06:00:00Z,2021-11-09,22,IRONMTN_2_N001,LMP,63.16785,05:00:00,6
2021-11-09T15:00:00Z,2021-11-09T16:00:00Z,2021-11-09,8,IRONMTN_2_N001,LMP,59.2568,15:00:00,16
2021-11-09T10:00:00Z,2021-11-09T11:00:00Z,2021-11-09,3,IRONMTN_2_N001,LMP,52.11842,10:00:00,11
2021-11-10T00:00:00Z,2021-11-10T01:00:00Z,2021-11-09,17,IRONMTN_2_N001,LMP,84.82997,00:00:00,1
2021-11-09T13:00:00Z,2021-11-09T14:00:00Z,2021-11-09,6,IRONMTN_2_N001,LMP,66.22647,13:00:00,14
2021-11-09T08:00:00Z,2021-11-09T09:00:00Z,2021-11-09,1,IRONMTN_2_N001,LMP,53.58181,08:00:00,9
2021-11-10T04:00:00Z,2021-11-10T05:00:00Z,2021-11-09,21,IRONMTN_2_N001,LMP,70.07276,04:00:00,5
2021-11-09T11:00:00Z,2021-11-09T12:00:00Z,2021-11-09,4,IRONMTN_2_N001,LMP,52.41737,11:00:00,12
2021-11-09T09:00:00Z,2021-11-09T10:00:00Z,2021-11-09,2,IRONMTN_2_N001,LMP,53.55478,09:00:00,10
2021-11-10T07:00:00Z,2021-11-10T08:00:00Z,2021-11-09,24,IRONMTN_2_N001,LMP,55.26845,07:00:00,8
2021-11-09T17:00:00Z,2021-11-09T18:00:00Z,2021-11-09,10,IRONMTN_2_N001,LMP,40.94059,17:00:00,18
2021-11-09T14:00:00Z,2021-11-09T15:00:00Z,2021-11-09,7,IRONMTN_2_N001,LMP,77.10961,14:00:00,15
2021-11-09T21:00:00Z,2021-11-09T22:00:00Z,2021-11-09,14,IRONMTN_2_N001,LMP,43.19695,21:00:00,22
2021-11-09T16:00:00Z,2021-11-09T17:00:00Z,2021-11-09,9,IRONMTN_2_N001,LMP,50.11804,16:00:00,17
2021-11-10T03:00:00Z,2021-11-10T04:00:00Z,2021-11-09,20,IRONMTN_2_N001,LMP,75.74729,03:00:00,4
2021-11-10T06:00:00Z,2021-11-10T07:00:00Z,2021-11-09,23,IRONMTN_2_N001,LMP,58.52489,06:00:00,7
2021-11-11T00:00:00Z,2021-11-11T01:00:00Z,2021-11-10,17,IRONMTN_2_N001,LMP,100.17654,00:00:00,1
2021-11-10T14:00:00Z,2021-11-10T15:00:00Z,2021-11-10,7,IRONMTN_2_N001,LMP,72.57838,14:00:00,15
2021-11-11T01:00:00Z,2021-11-11T02:00:00Z,2021-11-10,18,IRONMTN_2_N001,LMP,126.28304,01:00:00,2
2021-11-10T09:00:00Z,2021-11-10T10:00:00Z,2021-11-10,2,IRONMTN_2_N001,LMP,49.78923,09:00:00,10
2021-11-10T15:00:00Z,2021-11-10T16:00:00Z,2021-11-10,8,IRONMTN_2_N001,LMP,57.4445,15:00:00,16
2021-11-10T16:00:00Z,2021-11-10T17:00:00Z,2021-11-10,9,IRONMTN_2_N001,LMP,44.20676,16:00:00,17
2021-11-10T19:00:00Z,2021-11-10T20:00:00Z,2021-11-10,12,IRONMTN_2_N001,LMP,36.51368,19:00:00,20
2021-11-10T12:00:00Z,2021-11-10T13:00:00Z,2021-11-10,5,IRONMTN_2_N001,LMP,51.09791,12:00:00,13
2021-11-11T06:00:00Z,2021-11-11T07:00:00Z,2021-11-10,23,IRONMTN_2_N001,LMP,61.33158,06:00:00,7
2021-11-11T07:00:00Z,2021-11-11T08:00:00Z,2021-11-10,24,IRONMTN_2_N001,LMP,56.92286,07:00:00,8
2021-11-10T21:00:00Z,2021-11-10T22:00:00Z,2021-11-10,14,IRONMTN_2_N001,LMP,40.09183,21:00:00,22
2021-11-10T08:00:00Z,2021-11-10T09:00:00Z,2021-11-10,1,IRONMTN_2_N001,LMP,48.49248,08:00:00,9
2021-11-10T18:00:00Z,2021-11-10T19:00:00Z,2021-11-10,11,IRONMTN_2_N001,LMP,37.94574,18:00:00,19
2021-11-10T20:00:00Z,2021-11-10T21:00:00Z,2021-11-10,13,IRONMTN_2_N001,LMP,37.77807,20:00:00,21
2021-11-10T22:00:00Z,2021-11-10T23:00:00Z,2021-11-10,15,IRONMTN_2_N001,LMP,46.67787,22:00:00,23
2021-11-10T11:00:00Z,2021-11-10T12:00:00Z,2021-11-10,4,IRONMTN_2_N001,LMP,50.38558,11:00:00,12
2021-11-11T03:00:00Z,2021-11-11T04:00:00Z,2021-11-10,20,IRONMTN_2_N001,LMP,80.93356,03:00:00,4
2021-11-10T17:00:00Z,2021-11-10T18:00:00Z,2021-11-10,10,IRONMTN_2_N001,LMP,40.60468,17:00:00,18
2021-11-11T05:00:00Z,2021-11-11T06:00:00Z,2021-11-10,22,IRONMTN_2_N001,LMP,70.97486,05:00:00,6
2021-11-10T23:00:00Z,2021-11-11T00:00:00Z,2021-11-10,16,IRONMTN_2_N001,LMP,60.87548,23:00:00,24
2021-11-11T02:00:00Z,2021-11-11T03:00:00Z,2021-11-10,19,IRONMTN_2_N001,LMP,99.61862,02:00:00,3
2021-11-11T04:00:00Z,2021-11-11T05:00:00Z,2021-11-10,21,IRONMTN_2_N001,LMP,76.35543,04:00:00,5
2021-11-10T13:00:00Z,2021-11-10T14:00:00Z,2021-11-10,6,IRONMTN_2_N001,LMP,63.94097,13:00:00,14
2021-11-10T10:00:00Z,2021-11-10T11:00:00Z,2021-11-10,3,IRONMTN_2_N001,LMP,49.44468,10:00:00,11
2021-11-11T16:00:00Z,2021-11-11T17:00:00Z,2021-11-11,9,IRONMTN_2_N001,LMP,35.37615,16:00:00,17
2021-11-11T14:00:00Z,2021-11-11T15:00:00Z,2021-11-11,7,IRONMTN_2_N001,LMP,69.74623,14:00:00,15
2021-11-12T04:00:00Z,2021-11-12T05:00:00Z,2021-11-11,21,IRONMTN_2_N001,LMP,72.33236,04:00:00,5
2021-11-11T21:00:00Z,2021-11-11T22:00:00Z,2021-11-11,14,IRONMTN_2_N001,LMP,41.81546,21:00:00,22
2021-11-11T12:00:00Z,2021-11-11T13:00:00Z,2021-11-11,5,IRONMTN_2_N001,LMP,49.45957,12:00:00,13
2021-11-12T03:00:00Z,2021-11-12T04:00:00Z,2021-11-11,20,IRONMTN_2_N001,LMP,81.97893,03:00:00,4
2021-11-12T06:00:00Z,2021-11-12T07:00:00Z,2021-11-11,23,IRONMTN_2_N001,LMP,57.812,06:00:00,7
2021-11-11T10:00:00Z,2021-11-11T11:00:00Z,2021-11-11,3,IRONMTN_2_N001,LMP,48.97682,10:00:00,11
2021-11-12T02:00:00Z,2021-11-12T03:00:00Z,2021-11-11,19,IRONMTN_2_N001,LMP,98.17899,02:00:00,3
2021-11-12T07:00:00Z,2021-11-12T08:00:00Z,2021-11-11,24,IRONMTN_2_N001,LMP,52.98508,07:00:00,8
2021-11-11T11:00:00Z,2021-11-11T12:00:00Z,2021-11-11,4,IRONMTN_2_N001,LMP,49.45542,11:00:00,12
2021-11-11T09:00:00Z,2021-11-11T10:00:00Z,2021-11-11,2,IRONMTN_2_N001,LMP,49.48269,09:00:00,10
2021-11-11T08:00:00Z,2021-11-11T09:00:00Z,2021-11-11,1,IRONMTN_2_N001,LMP,49.01175,08:00:00,9
2021-11-11T22:00:00Z,2021-11-11T23:00:00Z,2021-11-11,15,IRONMTN_2_N001,LMP,43.15072,22:00:00,23
2021-11-11T23:00:00Z,2021-11-12T00:00:00Z,2021-11-11,16,IRONMTN_2_N001,LMP,64.48403,23:00:00,24
2021-11-11T20:00:00Z,2021-11-11T21:00:00Z,2021-11-11,13,IRONMTN_2_N001,LMP,35.65596,20:00:00,21
2021-11-11T19:00:00Z,2021-11-11T20:00:00Z,2021-11-11,12,IRONMTN_2_N001,LMP,34.07817,19:00:00,20
2021-11-11T18:00:00Z,2021-11-11T19:00:00Z,2021-11-11,11,IRONMTN_2_N001,LMP,31.67902,18:00:00,19
2021-11-12T01:00:00Z,2021-11-12T02:00:00Z,2021-11-11,18,IRONMTN_2_N001,LMP,138.0131,01:00:00,2
2021-11-12T00:00:00Z,2021-11-12T01:00:00Z,2021-11-11,17,IRONMTN_2_N001,LMP,104.96575,00:00:00,1
2021-11-12T05:00:00Z,2021-11-12T06:00:00Z,2021-11-11,22,IRONMTN_2_N001,LMP,63.84939,05:00:00,6
2021-11-11T17:00:00Z,2021-11-11T18:00:00Z,2021-11-11,10,IRONMTN_2_N001,LMP,32.99075,17:00:00,18
2021-11-11T15:00:00Z,2021-11-11T16:00:00Z,2021-11-11,8,IRONMTN_2_N001,LMP,53.69356,15:00:00,16
2021-11-11T13:00:00Z,2021-11-11T14:00:00Z,2021-11-11,6,IRONMTN_2_N001,LMP,61.63887,13:00:00,14
2021-11-12T21:00:00Z,2021-11-12T22:00:00Z,2021-11-12,14,IRONMTN_2_N001,LMP,43.82858,21:00:00,22
2021-11-13T05:00:00Z,2021-11-13T06:00:00Z,2021-11-12,22,IRONMTN_2_N001,LMP,60.9995,05:00:00,6
2021-11-13T06:00:00Z,2021-11-13T07:00:00Z,2021-11-12,23,IRONMTN_2_N001,LMP,56.30526,06:00:00,7
2021-11-12T13:00:00Z,2021-11-12T14:00:00Z,2021-11-12,6,IRONMTN_2_N001,LMP,58.88303,13:00:00,14
2021-11-12T14:00:00Z,2021-11-12T15:00:00Z,2021-11-12,7,IRONMTN_2_N001,LMP,67.50815,14:00:00,15
2021-11-12T19:00:00Z,2021-11-12T20:00:00Z,2021-11-12,12,IRONMTN_2_N001,LMP,34.27161,19:00:00,20
2021-11-12T20:00:00Z,2021-11-12T21:00:00Z,2021-11-12,13,IRONMTN_2_N001,LMP,40.2785,20:00:00,21
2021-11-12T08:00:00Z,2021-11-12T09:00:00Z,2021-11-12,1,IRONMTN_2_N001,LMP,49.44246,08:00:00,9
2021-11-13T02:00:00Z,2021-11-13T03:00:00Z,2021-11-12,19,IRONMTN_2_N001,LMP,75.77324,02:00:00,3
2021-11-12T15:00:00Z,2021-11-12T16:00:00Z,2021-11-12,8,IRONMTN_2_N001,LMP,52.88648,15:00:00,16
2021-11-12T16:00:00Z,2021-11-12T17:00:00Z,2021-11-12,9,IRONMTN_2_N001,LMP,39.62754,16:00:00,17
2021-11-12T10:00:00Z,2021-11-12T11:00:00Z,2021-11-12,3,IRONMTN_2_N001,LMP,48.44879,10:00:00,11
2021-11-13T00:00:00Z,2021-11-13T01:00:00Z,2021-11-12,17,IRONMTN_2_N001,LMP,119.1798,00:00:00,1
2021-11-13T03:00:00Z,2021-11-13T04:00:00Z,2021-11-12,20,IRONMTN_2_N001,LMP,69.91492,03:00:00,4
2021-11-12T17:00:00Z,2021-11-12T18:00:00Z,2021-11-12,10,IRONMTN_2_N001,LMP,35.35894,17:00:00,18
2021-11-12T18:00:00Z,2021-11-12T19:00:00Z,2021-11-12,11,IRONMTN_2_N001,LMP,33.17815,18:00:00,19
2021-11-12T22:00:00Z,2021-11-12T23:00:00Z,2021-11-12,15,IRONMTN_2_N001,LMP,45.82904,22:00:00,23
2021-11-13T04:00:00Z,2021-11-13T05:00:00Z,2021-11-12,21,IRONMTN_2_N001,LMP,65.884,04:00:00,5
2021-11-12T09:00:00Z,2021-11-12T10:00:00Z,2021-11-12,2,IRONMTN_2_N001,LMP,49.43444,09:00:00,10
2021-11-12T11:00:00Z,2021-11-12T12:00:00Z,2021-11-12,4,IRONMTN_2_N001,LMP,49.57969,11:00:00,12
2021-11-13T01:00:00Z,2021-11-13T02:00:00Z,2021-11-12,18,IRONMTN_2_N001,LMP,115.53561,01:00:00,2
2021-11-13T07:00:00Z,2021-11-13T08:00:00Z,2021-11-12,24,IRONMTN_2_N001,LMP,51.83126,07:00:00,8
2021-11-12T12:00:00Z,2021-11-12T13:00:00Z,2021-11-12,5,IRONMTN_2_N001,LMP,49.30583,12:00:00,13
2021-11-12T23:00:00Z,2021-11-13T00:00:00Z,2021-11-12,16,IRONMTN_2_N001,LMP,64.8919,23:00:00,24
2021-11-13T14:00:00Z,2021-11-13T15:00:00Z,2021-11-13,7,IRONMTN_2_N001,LMP,53.57085,14:00:00,15
2021-11-13T20:00:00Z,2021-11-13T21:00:00Z,2021-11-13,13,IRONMTN_2_N001,LMP,31.53454,20:00:00,21
2021-11-13T22:00:00Z,2021-11-13T23:00:00Z,2021-11-13,15,IRONMTN_2_N001,LMP,38.57244,22:00:00,23
2021-11-13T10:00:00Z,2021-11-13T11:00:00Z,2021-11-13,3,IRONMTN_2_N001,LMP,46.64011,10:00:00,11
2021-11-13T15:00:00Z,2021-11-13T16:00:00Z,2021-11-13,8,IRONMTN_2_N001,LMP,42.530029999999996,15:00:00,16
2021-11-13T16:00:00Z,2021-11-13T17:00:00Z,2021-11-13,9,IRONMTN_2_N001,LMP,27.5701,16:00:00,17
2021-11-13T21:00:00Z,2021-11-13T22:00:00Z,2021-11-13,14,IRONMTN_2_N001,LMP,35.4174,21:00:00,22
2021-11-13T23:00:00Z,2021-11-14T00:00:00Z,2021-11-13,16,IRONMTN_2_N001,LMP,54.16079,23:00:00,24
2021-11-13T09:00:00Z,2021-11-13T10:00:00Z,2021-11-13,2,IRONMTN_2_N001,LMP,43.94357,09:00:00,10
2021-11-14T07:00:00Z,2021-11-14T08:00:00Z,2021-11-13,24,IRONMTN_2_N001,LMP,49.20075,07:00:00,8
2021-11-13T19:00:00Z,2021-11-13T20:00:00Z,2021-11-13,12,IRONMTN_2_N001,LMP,29.5683,19:00:00,20
2021-11-13T11:00:00Z,2021-11-13T12:00:00Z,2021-11-13,4,IRONMTN_2_N001,LMP,43.90104,11:00:00,12
2021-11-13T13:00:00Z,2021-11-13T14:00:00Z,2021-11-13,6,IRONMTN_2_N001,LMP,51.42667,13:00:00,14
2021-11-14T04:00:00Z,2021-11-14T05:00:00Z,2021-11-13,21,IRONMTN_2_N001,LMP,54.23566,04:00:00,5
2021-11-13T08:00:00Z,2021-11-13T09:00:00Z,2021-11-13,1,IRONMTN_2_N001,LMP,44.44909,08:00:00,9
2021-11-13T12:00:00Z,2021-11-13T13:00:00Z,2021-11-13,5,IRONMTN_2_N001,LMP,44.23481,12:00:00,13
2021-11-14T02:00:00Z,2021-11-14T03:00:00Z,2021-11-13,19,IRONMTN_2_N001,LMP,62.75021,02:00:00,3
2021-11-14T00:00:00Z,2021-11-14T01:00:00Z,2021-11-13,17,IRONMTN_2_N001,LMP,69.20242,00:00:00,1
2021-11-14T01:00:00Z,2021-11-14T02:00:00Z,2021-11-13,18,IRONMTN_2_N001,LMP,76.99246,01:00:00,2
2021-11-14T03:00:00Z,2021-11-14T04:00:00Z,2021-11-13,20,IRONMTN_2_N001,LMP,57.18011,03:00:00,4
2021-11-14T06:00:00Z,2021-11-14T07:00:00Z,2021-11-13,23,IRONMTN_2_N001,LMP,50.96353,06:00:00,7
2021-11-13T17:00:00Z,2021-11-13T18:00:00Z,2021-11-13,10,IRONMTN_2_N001,LMP,22.88253,17:00:00,18
2021-11-13T18:00:00Z,2021-11-13T19:00:00Z,2021-11-13,11,IRONMTN_2_N001,LMP,19.79801,18:00:00,19
2021-11-14T05:00:00Z,2021-11-14T06:00:00Z,2021-11-13,22,IRONMTN_2_N001,LMP,53.89221,05:00:00,6
2021-11-15T06:00:00Z,2021-11-15T07:00:00Z,2021-11-14,23,IRONMTN_2_N001,LMP,47.52472,06:00:00,7
2021-11-14T15:00:00Z,2021-11-14T16:00:00Z,2021-11-14,8,IRONMTN_2_N001,LMP,39.07249,15:00:00,16
2021-11-14T08:00:00Z,2021-11-14T09:00:00Z,2021-11-14,1,IRONMTN_2_N001,LMP,47.54491,08:00:00,9
2021-11-14T21:00:00Z,2021-11-14T22:00:00Z,2021-11-14,14,IRONMTN_2_N001,LMP,27.64561,21:00:00,22
2021-11-15T03:00:00Z,2021-11-15T04:00:00Z,2021-11-14,20,IRONMTN_2_N001,LMP,57.80099,03:00:00,4
2021-11-14T14:00:00Z,2021-11-14T15:00:00Z,2021-11-14,7,IRONMTN_2_N001,LMP,52.22646,14:00:00,15
2021-11-14T13:00:00Z,2021-11-14T14:00:00Z,2021-11-14,6,IRONMTN_2_N001,LMP,53.35543,13:00:00,14
2021-11-14T10:00:00Z,2021-11-14T11:00:00Z,2021-11-14,3,IRONMTN_2_N001,LMP,47.94814,10:00:00,11
2021-11-15T01:00:00Z,2021-11-15T02:00:00Z,2021-11-14,18,IRONMTN_2_N001,LMP,78.33834,01:00:00,2
2021-11-14T11:00:00Z,2021-11-14T12:00:00Z,2021-11-14,4,IRONMTN_2_N001,LMP,47.91576,11:00:00,12
2021-11-14T16:00:00Z,2021-11-14T17:00:00Z,2021-11-14,9,IRONMTN_2_N001,LMP,13.4642,16:00:00,17
2021-11-14T12:00:00Z,2021-11-14T13:00:00Z,2021-11-14,5,IRONMTN_2_N001,LMP,49.09481,12:00:00,13
2021-11-14T23:00:00Z,2021-11-15T00:00:00Z,2021-11-14,16,IRONMTN_2_N001,LMP,57.03218,23:00:00,24
2021-11-14T17:00:00Z,2021-11-14T18:00:00Z,2021-11-14,10,IRONMTN_2_N001,LMP,11.27801,17:00:00,18
2021-11-15T07:00:00Z,2021-11-15T08:00:00Z,2021-11-14,24,IRONMTN_2_N001,LMP,49.24007,07:00:00,8
2021-11-15T05:00:00Z,2021-11-15T06:00:00Z,2021-11-14,22,IRONMTN_2_N001,LMP,50.75805,05:00:00,6
2021-11-15T04:00:00Z,2021-11-15T05:00:00Z,2021-11-14,21,IRONMTN_2_N001,LMP,55.99237,04:00:00,5
2021-11-14T22:00:00Z,2021-11-14T23:00:00Z,2021-11-14,15,IRONMTN_2_N001,LMP,30.72846,22:00:00,23
2021-11-14T20:00:00Z,2021-11-14T21:00:00Z,2021-11-14,13,IRONMTN_2_N001,LMP,26.55633,20:00:00,21
2021-11-14T18:00:00Z,2021-11-14T19:00:00Z,2021-11-14,11,IRONMTN_2_N001,LMP,12.62965,18:00:00,19
2021-11-15T02:00:00Z,2021-11-15T03:00:00Z,2021-11-14,19,IRONMTN_2_N001,LMP,60.92814,02:00:00,3
2021-11-15T00:00:00Z,2021-11-15T01:00:00Z,2021-11-14,17,IRONMTN_2_N001,LMP,75.76549,00:00:00,1
2021-11-14T09:00:00Z,2021-11-14T10:00:00Z,2021-11-14,2,IRONMTN_2_N001,LMP,46.63906,09:00:00,10
2021-11-14T19:00:00Z,2021-11-14T20:00:00Z,2021-11-14,12,IRONMTN_2_N001,LMP,18.84388,19:00:00,20
2021-11-16T04:00:00Z,2021-11-16T05:00:00Z,2021-11-15,21,IRONMTN_2_N001,LMP,59.32922,04:00:00,5
2021-11-16T05:00:00Z,2021-11-16T06:00:00Z,2021-11-15,22,IRONMTN_2_N001,LMP,58.45332,05:00:00,6
2021-11-15T20:00:00Z,2021-11-15T21:00:00Z,2021-11-15,13,IRONMTN_2_N001,LMP,45.93189,20:00:00,21
2021-11-15T23:00:00Z,2021-11-16T00:00:00Z,2021-11-15,16,IRONMTN_2_N001,LMP,61.02323,23:00:00,24
2021-11-15T08:00:00Z,2021-11-15T09:00:00Z,2021-11-15,1,IRONMTN_2_N001,LMP,46.38599,08:00:00,9
2021-11-15T09:00:00Z,2021-11-15T10:00:00Z,2021-11-15,2,IRONMTN_2_N001,LMP,46.3676,09:00:00,10
2021-11-16T07:00:00Z,2021-11-16T08:00:00Z,2021-11-15,24,IRONMTN_2_N001,LMP,45.03515,07:00:00,8
2021-11-16T00:00:00Z,2021-11-16T01:00:00Z,2021-11-15,17,IRONMTN_2_N001,LMP,90.07824,00:00:00,1
2021-11-15T18:00:00Z,2021-11-15T19:00:00Z,2021-11-15,11,IRONMTN_2_N001,LMP,41.93521,18:00:00,19
2021-11-15T17:00:00Z,2021-11-15T18:00:00Z,2021-11-15,10,IRONMTN_2_N001,LMP,44.22825,17:00:00,18
2021-11-15T11:00:00Z,2021-11-15T12:00:00Z,2021-11-15,4,IRONMTN_2_N001,LMP,45.82255,11:00:00,12
2021-11-15T22:00:00Z,2021-11-15T23:00:00Z,2021-11-15,15,IRONMTN_2_N001,LMP,46.19242,22:00:00,23
2021-11-15T10:00:00Z,2021-11-15T11:00:00Z,2021-11-15,3,IRONMTN_2_N001,LMP,45.81166,10:00:00,11
2021-11-15T12:00:00Z,2021-11-15T13:00:00Z,2021-11-15,5,IRONMTN_2_N001,LMP,44.39196,12:00:00,13
2021-11-15T14:00:00Z,2021-11-15T15:00:00Z,2021-11-15,7,IRONMTN_2_N001,LMP,61.5349,14:00:00,15
2021-11-15T19:00:00Z,2021-11-15T20:00:00Z,2021-11-15,12,IRONMTN_2_N001,LMP,44.58154,19:00:00,20
2021-11-16T06:00:00Z,2021-11-16T07:00:00Z,2021-11-15,23,IRONMTN_2_N001,LMP,42.74572,06:00:00,7
2021-11-15T13:00:00Z,2021-11-15T14:00:00Z,2021-11-15,6,IRONMTN_2_N001,LMP,53.09719,13:00:00,14
2021-11-15T21:00:00Z,2021-11-15T22:00:00Z,2021-11-15,14,IRONMTN_2_N001,LMP,46.89007,21:00:00,22
2021-11-16T03:00:00Z,2021-11-16T04:00:00Z,2021-11-15,20,IRONMTN_2_N001,LMP,64.6409,03:00:00,4
2021-11-16T02:00:00Z,2021-11-16T03:00:00Z,2021-11-15,19,IRONMTN_2_N001,LMP,74.05688,02:00:00,3
2021-11-15T16:00:00Z,2021-11-15T17:00:00Z,2021-11-15,9,IRONMTN_2_N001,LMP,46.97619,16:00:00,17
2021-11-15T15:00:00Z,2021-11-15T16:00:00Z,2021-11-15,8,IRONMTN_2_N001,LMP,53.38893,15:00:00,16
2021-11-16T01:00:00Z,2021-11-16T02:00:00Z,2021-11-15,18,IRONMTN_2_N001,LMP,96.71594,01:00:00,2
2021-11-16T17:00:00Z,2021-11-16T18:00:00Z,2021-11-16,10,IRONMTN_2_N001,LMP,46.57097,17:00:00,18
2021-11-17T05:00:00Z,2021-11-17T06:00:00Z,2021-11-16,22,IRONMTN_2_N001,LMP,60.75951,05:00:00,6
2021-11-17T03:00:00Z,2021-11-17T04:00:00Z,2021-11-16,20,IRONMTN_2_N001,LMP,66.09972,03:00:00,4
2021-11-17T04:00:00Z,2021-11-17T05:00:00Z,2021-11-16,21,IRONMTN_2_N001,LMP,67.06463,04:00:00,5
2021-11-16T15:00:00Z,2021-11-16T16:00:00Z,2021-11-16,8,IRONMTN_2_N001,LMP,56.71895,15:00:00,16
2021-11-16T23:00:00Z,2021-11-17T00:00:00Z,2021-11-16,16,IRONMTN_2_N001,LMP,56.56207,23:00:00,24
2021-11-16T12:00:00Z,2021-11-16T13:00:00Z,2021-11-16,5,IRONMTN_2_N001,LMP,48.66005,12:00:00,13
2021-11-16T13:00:00Z,2021-11-16T14:00:00Z,2021-11-16,6,IRONMTN_2_N001,LMP,56.95143,13:00:00,14
2021-11-16T08:00:00Z,2021-11-16T09:00:00Z,2021-11-16,1,IRONMTN_2_N001,LMP,47.25051,08:00:00,9
2021-11-16T18:00:00Z,2021-11-16T19:00:00Z,2021-11-16,11,IRONMTN_2_N001,LMP,44.11414,18:00:00,19
2021-11-17T02:00:00Z,2021-11-17T03:00:00Z,2021-11-16,19,IRONMTN_2_N001,LMP,71.37209,02:00:00,3
2021-11-16T11:00:00Z,2021-11-16T12:00:00Z,2021-11-16,4,IRONMTN_2_N001,LMP,46.07003,11:00:00,12
2021-11-16T21:00:00Z,2021-11-16T22:00:00Z,2021-11-16,14,IRONMTN_2_N001,LMP,40.43373,21:00:00,22
2021-11-16T19:00:00Z,2021-11-16T20:00:00Z,2021-11-16,12,IRONMTN_2_N001,LMP,43.72585,19:00:00,20
2021-11-17T07:00:00Z,2021-11-17T08:00:00Z,2021-11-16,24,IRONMTN_2_N001,LMP,52.63516,07:00:00,8
2021-11-17T01:00:00Z,2021-11-17T02:00:00Z,2021-11-16,18,IRONMTN_2_N001,LMP,84.46322,01:00:00,2
2021-11-17T00:00:00Z,2021-11-17T01:00:00Z,2021-11-16,17,IRONMTN_2_N001,LMP,74.54293,00:00:00,1
2021-11-16T10:00:00Z,2021-11-16T11:00:00Z,2021-11-16,3,IRONMTN_2_N001,LMP,44.25796,10:00:00,11
2021-11-16T22:00:00Z,2021-11-16T23:00:00Z,2021-11-16,15,IRONMTN_2_N001,LMP,47.54635,22:00:00,23
2021-11-16T20:00:00Z,2021-11-16T21:00:00Z,2021-11-16,13,IRONMTN_2_N001,LMP,43.13519,20:00:00,21
2021-11-16T09:00:00Z,2021-11-16T10:00:00Z,2021-11-16,2,IRONMTN_2_N001,LMP,46.15197,09:00:00,10
2021-11-16T16:00:00Z,2021-11-16T17:00:00Z,2021-11-16,9,IRONMTN_2_N001,LMP,50.46497,16:00:00,17
2021-11-17T06:00:00Z,2021-11-17T07:00:00Z,2021-11-16,23,IRONMTN_2_N001,LMP,56.04811,06:00:00,7
2021-11-16T14:00:00Z,2021-11-16T15:00:00Z,2021-11-16,7,IRONMTN_2_N001,LMP,60.84066,14:00:00,15
2021-11-17T16:00:00Z,2021-11-17T17:00:00Z,2021-11-17,9,IRONMTN_2_N001,LMP,55.64153,16:00:00,17
2021-11-17T23:00:00Z,2021-11-18T00:00:00Z,2021-11-17,16,IRONMTN_2_N001,LMP,63.50168,23:00:00,24
2021-11-18T07:00:00Z,2021-11-18T08:00:00Z,2021-11-17,24,IRONMTN_2_N001,LMP,54.30958,07:00:00,8
2021-11-17T11:00:00Z,2021-11-17T12:00:00Z,2021-11-17,4,IRONMTN_2_N001,LMP,52.07137,11:00:00,12
2021-11-18T04:00:00Z,2021-11-18T05:00:00Z,2021-11-17,21,IRONMTN_2_N001,LMP,61.09279,04:00:00,5
2021-11-18T05:00:00Z,2021-11-18T06:00:00Z,2021-11-17,22,IRONMTN_2_N001,LMP,61.30012,05:00:00,6
2021-11-17T17:00:00Z,2021-11-17T18:00:00Z,2021-11-17,10,IRONMTN_2_N001,LMP,50.73938,17:00:00,18
2021-11-17T18:00:00Z,2021-11-17T19:00:00Z,2021-11-17,11,IRONMTN_2_N001,LMP,50.04491,18:00:00,19
2021-11-18T00:00:00Z,2021-11-18T01:00:00Z,2021-11-17,17,IRONMTN_2_N001,LMP,86.47,00:00:00,1
2021-11-17T12:00:00Z,2021-11-17T13:00:00Z,2021-11-17,5,IRONMTN_2_N001,LMP,53.98636,12:00:00,13
2021-11-17T21:00:00Z,2021-11-17T22:00:00Z,2021-11-17,14,IRONMTN_2_N001,LMP,50.99775,21:00:00,22
2021-11-17T20:00:00Z,2021-11-17T21:00:00Z,2021-11-17,13,IRONMTN_2_N001,LMP,49.91584,20:00:00,21
2021-11-17T22:00:00Z,2021-11-17T23:00:00Z,2021-11-17,15,IRONMTN_2_N001,LMP,52.15224,22:00:00,23
2021-11-17T10:00:00Z,2021-11-17T11:00:00Z,2021-11-17,3,IRONMTN_2_N001,LMP,50.83696,10:00:00,11
2021-11-18T02:00:00Z,2021-11-18T03:00:00Z,2021-11-17,19,IRONMTN_2_N001,LMP,73.42578,02:00:00,3
2021-11-17T13:00:00Z,2021-11-17T14:00:00Z,2021-11-17,6,IRONMTN_2_N001,LMP,64.09372,13:00:00,14
2021-11-17T09:00:00Z,2021-11-17T10:00:00Z,2021-11-17,2,IRONMTN_2_N001,LMP,52.09181,09:00:00,10
2021-11-18T03:00:00Z,2021-11-18T04:00:00Z,2021-11-17,20,IRONMTN_2_N001,LMP,66.69345,03:00:00,4
2021-11-18T06:00:00Z,2021-11-18T07:00:00Z,2021-11-17,23,IRONMTN_2_N001,LMP,53.78978,06:00:00,7
2021-11-17T14:00:00Z,2021-11-17T15:00:00Z,2021-11-17,7,IRONMTN_2_N001,LMP,61.35491,14:00:00,15
2021-11-17T15:00:00Z,2021-11-17T16:00:00Z,2021-11-17,8,IRONMTN_2_N001,LMP,65.45917,15:00:00,16
2021-11-17T08:00:00Z,2021-11-17T09:00:00Z,2021-11-17,1,IRONMTN_2_N001,LMP,54.667230000000004,08:00:00,9
2021-11-18T01:00:00Z,2021-11-18T02:00:00Z,2021-11-17,18,IRONMTN_2_N001,LMP,82.45161,01:00:00,2
2021-11-17T19:00:00Z,2021-11-17T20:00:00Z,2021-11-17,12,IRONMTN_2_N001,LMP,49.33085,19:00:00,20
2021-11-19T00:00:00Z,2021-11-19T01:00:00Z,2021-11-18,17,IRONMTN_2_N001,LMP,80.39372,00:00:00,1
2021-11-19T04:00:00Z,2021-11-19T05:00:00Z,2021-11-18,21,IRONMTN_2_N001,LMP,42.67832,04:00:00,5
2021-11-18T11:00:00Z,2021-11-18T12:00:00Z,2021-11-18,4,IRONMTN_2_N001,LMP,52.95316,11:00:00,12
2021-11-18T15:00:00Z,2021-11-18T16:00:00Z,2021-11-18,8,IRONMTN_2_N001,LMP,51.55931,15:00:00,16
2021-11-18T23:00:00Z,2021-11-19T00:00:00Z,2021-11-18,16,IRONMTN_2_N001,LMP,64.55102,23:00:00,24
2021-11-19T06:00:00Z,2021-11-19T07:00:00Z,2021-11-18,23,IRONMTN_2_N001,LMP,51.37122,06:00:00,7
2021-11-18T16:00:00Z,2021-11-18T17:00:00Z,2021-11-18,9,IRONMTN_2_N001,LMP,54.53008,16:00:00,17
2021-11-18T20:00:00Z,2021-11-18T21:00:00Z,2021-11-18,13,IRONMTN_2_N001,LMP,50.32987,20:00:00,21
2021-11-19T07:00:00Z,2021-11-19T08:00:00Z,2021-11-18,24,IRONMTN_2_N001,LMP,48.31951,07:00:00,8
2021-11-19T01:00:00Z,2021-11-19T02:00:00Z,2021-11-18,18,IRONMTN_2_N001,LMP,59.34774,01:00:00,2
2021-11-18T22:00:00Z,2021-11-18T23:00:00Z,2021-11-18,15,IRONMTN_2_N001,LMP,50.2145,22:00:00,23
2021-11-18T13:00:00Z,2021-11-18T14:00:00Z,2021-11-18,6,IRONMTN_2_N001,LMP,60.68832,13:00:00,14
2021-11-18T17:00:00Z,2021-11-18T18:00:00Z,2021-11-18,10,IRONMTN_2_N001,LMP,55.7383,17:00:00,18
2021-11-18T18:00:00Z,2021-11-18T19:00:00Z,2021-11-18,11,IRONMTN_2_N001,LMP,56.38554,18:00:00,19
2021-11-18T09:00:00Z,2021-11-18T10:00:00Z,2021-11-18,2,IRONMTN_2_N001,LMP,44.11386,09:00:00,10
2021-11-18T10:00:00Z,2021-11-18T11:00:00Z,2021-11-18,3,IRONMTN_2_N001,LMP,47.48442,10:00:00,11
2021-11-18T12:00:00Z,2021-11-18T13:00:00Z,2021-11-18,5,IRONMTN_2_N001,LMP,48.56399,12:00:00,13
2021-11-19T03:00:00Z,2021-11-19T04:00:00Z,2021-11-18,20,IRONMTN_2_N001,LMP,49.31459,03:00:00,4
2021-11-19T05:00:00Z,2021-11-19T06:00:00Z,2021-11-18,22,IRONMTN_2_N001,LMP,63.6226,05:00:00,6
2021-11-18T14:00:00Z,2021-11-18T15:00:00Z,2021-11-18,7,IRONMTN_2_N001,LMP,47.94656,14:00:00,15
2021-11-19T02:00:00Z,2021-11-19T03:00:00Z,2021-11-18,19,IRONMTN_2_N001,LMP,54.71719,02:00:00,3
2021-11-18T19:00:00Z,2021-11-18T20:00:00Z,2021-11-18,12,IRONMTN_2_N001,LMP,49.90632,19:00:00,20
2021-11-18T21:00:00Z,2021-11-18T22:00:00Z,2021-11-18,14,IRONMTN_2_N001,LMP,54.54183,21:00:00,22
2021-11-18T08:00:00Z,2021-11-18T09:00:00Z,2021-11-18,1,IRONMTN_2_N001,LMP,43.13689,08:00:00,9
2021-11-19T09:00:00Z,2021-11-19T10:00:00Z,2021-11-19,2,IRONMTN_2_N001,LMP,54.21031,09:00:00,10
2021-11-19T20:00:00Z,2021-11-19T21:00:00Z,2021-11-19,13,IRONMTN_2_N001,LMP,44.57082,20:00:00,21
2021-11-20T05:00:00Z,2021-11-20T06:00:00Z,2021-11-19,22,IRONMTN_2_N001,LMP,59.68926,05:00:00,6
2021-11-20T06:00:00Z,2021-11-20T07:00:00Z,2021-11-19,23,IRONMTN_2_N001,LMP,47.61734,06:00:00,7
2021-11-19T13:00:00Z,2021-11-19T14:00:00Z,2021-11-19,6,IRONMTN_2_N001,LMP,55.3331,13:00:00,14
2021-11-19T21:00:00Z,2021-11-19T22:00:00Z,2021-11-19,14,IRONMTN_2_N001,LMP,44.88041,21:00:00,22
2021-11-19T23:00:00Z,2021-11-20T00:00:00Z,2021-11-19,16,IRONMTN_2_N001,LMP,47.88634,23:00:00,24
2021-11-20T00:00:00Z,2021-11-20T01:00:00Z,2021-11-19,17,IRONMTN_2_N001,LMP,53.84853,00:00:00,1
2021-11-19T18:00:00Z,2021-11-19T19:00:00Z,2021-11-19,11,IRONMTN_2_N001,LMP,47.942,18:00:00,19
2021-11-19T10:00:00Z,2021-11-19T11:00:00Z,2021-11-19,3,IRONMTN_2_N001,LMP,52.22316,10:00:00,11
2021-11-19T16:00:00Z,2021-11-19T17:00:00Z,2021-11-19,9,IRONMTN_2_N001,LMP,54.53834,16:00:00,17
2021-11-20T04:00:00Z,2021-11-20T05:00:00Z,2021-11-19,21,IRONMTN_2_N001,LMP,65.31158,04:00:00,5
2021-11-19T14:00:00Z,2021-11-19T15:00:00Z,2021-11-19,7,IRONMTN_2_N001,LMP,60.41858,14:00:00,15
2021-11-19T08:00:00Z,2021-11-19T09:00:00Z,2021-11-19,1,IRONMTN_2_N001,LMP,54.37777,08:00:00,9
2021-11-19T11:00:00Z,2021-11-19T12:00:00Z,2021-11-19,4,IRONMTN_2_N001,LMP,48.11425,11:00:00,12
2021-11-20T07:00:00Z,2021-11-20T08:00:00Z,2021-11-19,24,IRONMTN_2_N001,LMP,51.82888,07:00:00,8
2021-11-19T22:00:00Z,2021-11-19T23:00:00Z,2021-11-19,15,IRONMTN_2_N001,LMP,48.77452,22:00:00,23
2021-11-20T01:00:00Z,2021-11-20T02:00:00Z,2021-11-19,18,IRONMTN_2_N001,LMP,59.20457,01:00:00,2
2021-11-19T19:00:00Z,2021-11-19T20:00:00Z,2021-11-19,12,IRONMTN_2_N001,LMP,46.24466,19:00:00,20
2021-11-19T12:00:00Z,2021-11-19T13:00:00Z,2021-11-19,5,IRONMTN_2_N001,LMP,55.12291,12:00:00,13
2021-11-20T03:00:00Z,2021-11-20T04:00:00Z,2021-11-19,20,IRONMTN_2_N001,LMP,36.66203,03:00:00,4
2021-11-19T15:00:00Z,2021-11-19T16:00:00Z,2021-11-19,8,IRONMTN_2_N001,LMP,50.78728,15:00:00,16
2021-11-19T17:00:00Z,2021-11-19T18:00:00Z,2021-11-19,10,IRONMTN_2_N001,LMP,55,17:00:00,18
2021-11-20T02:00:00Z,2021-11-20T03:00:00Z,2021-11-19,19,IRONMTN_2_N001,LMP,48.92642,02:00:00,3
2021-11-20T22:00:00Z,2021-11-20T23:00:00Z,2021-11-20,15,IRONMTN_2_N001,LMP,41.61077,22:00:00,23
2021-11-20T13:00:00Z,2021-11-20T14:00:00Z,2021-11-20,6,IRONMTN_2_N001,LMP,48.38871,13:00:00,14
2021-11-20T08:00:00Z,2021-11-20T09:00:00Z,2021-11-20,1,IRONMTN_2_N001,LMP,48.0138,08:00:00,9
2021-11-21T04:00:00Z,2021-11-21T05:00:00Z,2021-11-20,21,IRONMTN_2_N001,LMP,65.15899,04:00:00,5
2021-11-20T11:00:00Z,2021-11-20T12:00:00Z,2021-11-20,4,IRONMTN_2_N001,LMP,48.85524,11:00:00,12
2021-11-21T06:00:00Z,2021-11-21T07:00:00Z,2021-11-20,23,IRONMTN_2_N001,LMP,53.30139,06:00:00,7
2021-11-21T01:00:00Z,2021-11-21T02:00:00Z,2021-11-20,18,IRONMTN_2_N001,LMP,64.18082,01:00:00,2
2021-11-21T00:00:00Z,2021-11-21T01:00:00Z,2021-11-20,17,IRONMTN_2_N001,LMP,64.32876,00:00:00,1
2021-11-20T14:00:00Z,2021-11-20T15:00:00Z,2021-11-20,7,IRONMTN_2_N001,LMP,46.57906,14:00:00,15
2021-11-20T09:00:00Z,2021-11-20T10:00:00Z,2021-11-20,2,IRONMTN_2_N001,LMP,47.63461,09:00:00,10
2021-11-20T20:00:00Z,2021-11-20T21:00:00Z,2021-11-20,13,IRONMTN_2_N001,LMP,36.50556,20:00:00,21
2021-11-20T15:00:00Z,2021-11-20T16:00:00Z,2021-11-20,8,IRONMTN_2_N001,LMP,44.09369,15:00:00,16
2021-11-21T03:00:00Z,2021-11-21T04:00:00Z,2021-11-20,20,IRONMTN_2_N001,LMP,52.75697,03:00:00,4
2021-11-20T12:00:00Z,2021-11-20T13:00:00Z,2021-11-20,5,IRONMTN_2_N001,LMP,45.73326,12:00:00,13
2021-11-20T21:00:00Z,2021-11-20T22:00:00Z,2021-11-20,14,IRONMTN_2_N001,LMP,37.37393,21:00:00,22
2021-11-20T18:00:00Z,2021-11-20T19:00:00Z,2021-11-20,11,IRONMTN_2_N001,LMP,43.08582,18:00:00,19
2021-11-20T17:00:00Z,2021-11-20T18:00:00Z,2021-11-20,10,IRONMTN_2_N001,LMP,43.61269,17:00:00,18
2021-11-20T16:00:00Z,2021-11-20T17:00:00Z,2021-11-20,9,IRONMTN_2_N001,LMP,47.2021,16:00:00,17
2021-11-21T07:00:00Z,2021-11-21T08:00:00Z,2021-11-20,24,IRONMTN_2_N001,LMP,53.60695,07:00:00,8
2021-11-21T05:00:00Z,2021-11-21T06:00:00Z,2021-11-20,22,IRONMTN_2_N001,LMP,57.75582,05:00:00,6
2021-11-21T02:00:00Z,2021-11-21T03:00:00Z,2021-11-20,19,IRONMTN_2_N001,LMP,57.86831,02:00:00,3
2021-11-20T19:00:00Z,2021-11-20T20:00:00Z,2021-11-20,12,IRONMTN_2_N001,LMP,36.37658,19:00:00,20
2021-11-20T10:00:00Z,2021-11-20T11:00:00Z,2021-11-20,3,IRONMTN_2_N001,LMP,43.65014,10:00:00,11
2021-11-20T23:00:00Z,2021-11-21T00:00:00Z,2021-11-20,16,IRONMTN_2_N001,LMP,54.52813,23:00:00,24
2021-11-21T17:00:00Z,2021-11-21T18:00:00Z,2021-11-21,10,IRONMTN_2_N001,LMP,25.88443,17:00:00,18
2021-11-21T18:00:00Z,2021-11-21T19:00:00Z,2021-11-21,11,IRONMTN_2_N001,LMP,25.53773,18:00:00,19
2021-11-21T20:00:00Z,2021-11-21T21:00:00Z,2021-11-21,13,IRONMTN_2_N001,LMP,23.78999,20:00:00,21
2021-11-21T21:00:00Z,2021-11-21T22:00:00Z,2021-11-21,14,IRONMTN_2_N001,LMP,27.74038,21:00:00,22
2021-11-22T02:00:00Z,2021-11-22T03:00:00Z,2021-11-21,19,IRONMTN_2_N001,LMP,67.00736,02:00:00,3
2021-11-22T03:00:00Z,2021-11-22T04:00:00Z,2021-11-21,20,IRONMTN_2_N001,LMP,65.07659,03:00:00,4
2021-11-22T06:00:00Z,2021-11-22T07:00:00Z,2021-11-21,23,IRONMTN_2_N001,LMP,55.46754,06:00:00,7
2021-11-22T00:00:00Z,2021-11-22T01:00:00Z,2021-11-21,17,IRONMTN_2_N001,LMP,69.55523,00:00:00,1
2021-11-22T01:00:00Z,2021-11-22T02:00:00Z,2021-11-21,18,IRONMTN_2_N001,LMP,76.5625,01:00:00,2
2021-11-21T11:00:00Z,2021-11-21T12:00:00Z,2021-11-21,4,IRONMTN_2_N001,LMP,53.1992,11:00:00,12
2021-11-21T12:00:00Z,2021-11-21T13:00:00Z,2021-11-21,5,IRONMTN_2_N001,LMP,52.39063,12:00:00,13
2021-11-21T14:00:00Z,2021-11-21T15:00:00Z,2021-11-21,7,IRONMTN_2_N001,LMP,56.79713,14:00:00,15
2021-11-22T05:00:00Z,2021-11-22T06:00:00Z,2021-11-21,22,IRONMTN_2_N001,LMP,58.07669,05:00:00,6
2021-11-22T07:00:00Z,2021-11-22T08:00:00Z,2021-11-21,24,IRONMTN_2_N001,LMP,53.70769,07:00:00,8
2021-11-21T08:00:00Z,2021-11-21T09:00:00Z,2021-11-21,1,IRONMTN_2_N001,LMP,48.84182,08:00:00,9
2021-11-21T22:00:00Z,2021-11-21T23:00:00Z,2021-11-21,15,IRONMTN_2_N001,LMP,32.06723,22:00:00,23
2021-11-21T23:00:00Z,2021-11-22T00:00:00Z,2021-11-21,16,IRONMTN_2_N001,LMP,51.78186,23:00:00,24
2021-11-21T13:00:00Z,2021-11-21T14:00:00Z,2021-11-21,6,IRONMTN_2_N001,LMP,55.17515,13:00:00,14
2021-11-21T16:00:00Z,2021-11-21T17:00:00Z,2021-11-21,9,IRONMTN_2_N001,LMP,34.77178,16:00:00,17
2021-11-21T09:00:00Z,2021-11-21T10:00:00Z,2021-11-21,2,IRONMTN_2_N001,LMP,48.49168,09:00:00,10
2021-11-22T04:00:00Z,2021-11-22T05:00:00Z,2021-11-21,21,IRONMTN_2_N001,LMP,61.17625,04:00:00,5
2021-11-21T19:00:00Z,2021-11-21T20:00:00Z,2021-11-21,12,IRONMTN_2_N001,LMP,22.70737,19:00:00,20
2021-11-21T10:00:00Z,2021-11-21T11:00:00Z,2021-11-21,3,IRONMTN_2_N001,LMP,49.29073,10:00:00,11
2021-11-21T15:00:00Z,2021-11-21T16:00:00Z,2021-11-21,8,IRONMTN_2_N001,LMP,47.97308,15:00:00,16
2021-11-22T13:00:00Z,2021-11-22T14:00:00Z,2021-11-22,6,IRONMTN_2_N001,LMP,60.77088,13:00:00,14
2021-11-22T16:00:00Z,2021-11-22T17:00:00Z,2021-11-22,9,IRONMTN_2_N001,LMP,46.78161,16:00:00,17
2021-11-22T08:00:00Z,2021-11-22T09:00:00Z,2021-11-22,1,IRONMTN_2_N001,LMP,52.7195,08:00:00,9
2021-11-22T11:00:00Z,2021-11-22T12:00:00Z,2021-11-22,4,IRONMTN_2_N001,LMP,51.6893,11:00:00,12
2021-11-23T06:00:00Z,2021-11-23T07:00:00Z,2021-11-22,23,IRONMTN_2_N001,LMP,63.8698,06:00:00,7
2021-11-22T22:00:00Z,2021-11-22T23:00:00Z,2021-11-22,15,IRONMTN_2_N001,LMP,52.41679,22:00:00,23
2021-11-23T00:00:00Z,2021-11-23T01:00:00Z,2021-11-22,17,IRONMTN_2_N001,LMP,87.33098,00:00:00,1
2021-11-22T10:00:00Z,2021-11-22T11:00:00Z,2021-11-22,3,IRONMTN_2_N001,LMP,51.73946,10:00:00,11
2021-11-23T02:00:00Z,2021-11-23T03:00:00Z,2021-11-22,19,IRONMTN_2_N001,LMP,89.97054,02:00:00,3
2021-11-22T14:00:00Z,2021-11-22T15:00:00Z,2021-11-22,7,IRONMTN_2_N001,LMP,67.74935,14:00:00,15
2021-11-22T12:00:00Z,2021-11-22T13:00:00Z,2021-11-22,5,IRONMTN_2_N001,LMP,53.80364,12:00:00,13
2021-11-23T04:00:00Z,2021-11-23T05:00:00Z,2021-11-22,21,IRONMTN_2_N001,LMP,72.175,04:00:00,5
2021-11-23T05:00:00Z,2021-11-23T06:00:00Z,2021-11-22,22,IRONMTN_2_N001,LMP,64.46483,05:00:00,6
2021-11-22T19:00:00Z,2021-11-22T20:00:00Z,2021-11-22,12,IRONMTN_2_N001,LMP,42.84557,19:00:00,20
2021-11-22T21:00:00Z,2021-11-22T22:00:00Z,2021-11-22,14,IRONMTN_2_N001,LMP,47.03742,21:00:00,22
2021-11-22T23:00:00Z,2021-11-23T00:00:00Z,2021-11-22,16,IRONMTN_2_N001,LMP,61.59534,23:00:00,24
2021-11-23T03:00:00Z,2021-11-23T04:00:00Z,2021-11-22,20,IRONMTN_2_N001,LMP,72.73639,03:00:00,4
2021-11-23T07:00:00Z,2021-11-23T08:00:00Z,2021-11-22,24,IRONMTN_2_N001,LMP,55.42814,07:00:00,8
2021-11-22T15:00:00Z,2021-11-22T16:00:00Z,2021-11-22,8,IRONMTN_2_N001,LMP,58.77599,15:00:00,16
2021-11-22T17:00:00Z,2021-11-22T18:00:00Z,2021-11-22,10,IRONMTN_2_N001,LMP,44.39485,17:00:00,18
2021-11-22T18:00:00Z,2021-11-22T19:00:00Z,2021-11-22,11,IRONMTN_2_N001,LMP,42.18989,18:00:00,19
2021-11-22T09:00:00Z,2021-11-22T10:00:00Z,2021-11-22,2,IRONMTN_2_N001,LMP,52.38309,09:00:00,10
2021-11-23T01:00:00Z,2021-11-23T02:00:00Z,2021-11-22,18,IRONMTN_2_N001,LMP,105.99,01:00:00,2
2021-11-22T20:00:00Z,2021-11-22T21:00:00Z,2021-11-22,13,IRONMTN_2_N001,LMP,44.82351,20:00:00,21
2021-11-23T21:00:00Z,2021-11-23T22:00:00Z,2021-11-23,14,IRONMTN_2_N001,LMP,32.82219,21:00:00,22
2021-11-23T18:00:00Z,2021-11-23T19:00:00Z,2021-11-23,11,IRONMTN_2_N001,LMP,34.56837,18:00:00,19
2021-11-23T17:00:00Z,2021-11-23T18:00:00Z,2021-11-23,10,IRONMTN_2_N001,LMP,39.53934,17:00:00,18
2021-11-23T22:00:00Z,2021-11-23T23:00:00Z,2021-11-23,15,IRONMTN_2_N001,LMP,37.70075,22:00:00,23
2021-11-24T01:00:00Z,2021-11-24T02:00:00Z,2021-11-23,18,IRONMTN_2_N001,LMP,79.25454,01:00:00,2
2021-11-24T02:00:00Z,2021-11-24T03:00:00Z,2021-11-23,19,IRONMTN_2_N001,LMP,68.45281,02:00:00,3
2021-11-23T15:00:00Z,2021-11-23T16:00:00Z,2021-11-23,8,IRONMTN_2_N001,LMP,53.49187,15:00:00,16
2021-11-23T16:00:00Z,2021-11-23T17:00:00Z,2021-11-23,9,IRONMTN_2_N001,LMP,46.16383,16:00:00,17
2021-11-23T23:00:00Z,2021-11-24T00:00:00Z,2021-11-23,16,IRONMTN_2_N001,LMP,50.29861,23:00:00,24
2021-11-24T03:00:00Z,2021-11-24T04:00:00Z,2021-11-23,20,IRONMTN_2_N001,LMP,64.99,03:00:00,4
2021-11-23T14:00:00Z,2021-11-23T15:00:00Z,2021-11-23,7,IRONMTN_2_N001,LMP,58.63955,14:00:00,15
2021-11-23T20:00:00Z,2021-11-23T21:00:00Z,2021-11-23,13,IRONMTN_2_N001,LMP,30.44656,20:00:00,21
2021-11-23T10:00:00Z,2021-11-23T11:00:00Z,2021-11-23,3,IRONMTN_2_N001,LMP,48.14718,10:00:00,11
2021-11-23T12:00:00Z,2021-11-23T13:00:00Z,2021-11-23,5,IRONMTN_2_N001,LMP,49.37735,12:00:00,13
2021-11-23T08:00:00Z,2021-11-23T09:00:00Z,2021-11-23,1,IRONMTN_2_N001,LMP,52.05367,08:00:00,9
2021-11-23T09:00:00Z,2021-11-23T10:00:00Z,2021-11-23,2,IRONMTN_2_N001,LMP,49.18211,09:00:00,10
2021-11-23T11:00:00Z,2021-11-23T12:00:00Z,2021-11-23,4,IRONMTN_2_N001,LMP,49.51424,11:00:00,12
2021-11-24T04:00:00Z,2021-11-24T05:00:00Z,2021-11-23,21,IRONMTN_2_N001,LMP,60,04:00:00,5
2021-11-24T06:00:00Z,2021-11-24T07:00:00Z,2021-11-23,23,IRONMTN_2_N001,LMP,52.49716,06:00:00,7
2021-11-23T19:00:00Z,2021-11-23T20:00:00Z,2021-11-23,12,IRONMTN_2_N001,LMP,31.95363,19:00:00,20
2021-11-23T13:00:00Z,2021-11-23T14:00:00Z,2021-11-23,6,IRONMTN_2_N001,LMP,55.30289,13:00:00,14
2021-11-24T05:00:00Z,2021-11-24T06:00:00Z,2021-11-23,22,IRONMTN_2_N001,LMP,56.3342,05:00:00,6
2021-11-24T07:00:00Z,2021-11-24T08:00:00Z,2021-11-23,24,IRONMTN_2_N001,LMP,51.58874,07:00:00,8
2021-11-24T00:00:00Z,2021-11-24T01:00:00Z,2021-11-23,17,IRONMTN_2_N001,LMP,66.48867,00:00:00,1
2021-11-25T07:00:00Z,2021-11-25T08:00:00Z,2021-11-24,24,IRONMTN_2_N001,LMP,51.707,07:00:00,8
2021-11-25T01:00:00Z,2021-11-25T02:00:00Z,2021-11-24,18,IRONMTN_2_N001,LMP,78.49969,01:00:00,2
2021-11-24T20:00:00Z,2021-11-24T21:00:00Z,2021-11-24,13,IRONMTN_2_N001,LMP,30.23706,20:00:00,21
2021-11-24T19:00:00Z,2021-11-24T20:00:00Z,2021-11-24,12,IRONMTN_2_N001,LMP,29.01262,19:00:00,20
2021-11-25T05:00:00Z,2021-11-25T06:00:00Z,2021-11-24,22,IRONMTN_2_N001,LMP,63.37,05:00:00,6
2021-11-24T15:00:00Z,2021-11-24T16:00:00Z,2021-11-24,8,IRONMTN_2_N001,LMP,52.0797,15:00:00,16
2021-11-24T13:00:00Z,2021-11-24T14:00:00Z,2021-11-24,6,IRONMTN_2_N001,LMP,54.12429,13:00:00,14
2021-11-25T06:00:00Z,2021-11-25T07:00:00Z,2021-11-24,23,IRONMTN_2_N001,LMP,53.4726,06:00:00,7
2021-11-24T10:00:00Z,2021-11-24T11:00:00Z,2021-11-24,3,IRONMTN_2_N001,LMP,45.72409,10:00:00,11
2021-11-24T09:00:00Z,2021-11-24T10:00:00Z,2021-11-24,2,IRONMTN_2_N001,LMP,50.8331,09:00:00,10
2021-11-25T00:00:00Z,2021-11-25T01:00:00Z,2021-11-24,17,IRONMTN_2_N001,LMP,67.76185,00:00:00,1
2021-11-24T12:00:00Z,2021-11-24T13:00:00Z,2021-11-24,5,IRONMTN_2_N001,LMP,49.12927,12:00:00,13
2021-11-24T08:00:00Z,2021-11-24T09:00:00Z,2021-11-24,1,IRONMTN_2_N001,LMP,49.46317,08:00:00,9
2021-11-24T22:00:00Z,2021-11-24T23:00:00Z,2021-11-24,15,IRONMTN_2_N001,LMP,38.44575,22:00:00,23
2021-11-24T21:00:00Z,2021-11-24T22:00:00Z,2021-11-24,14,IRONMTN_2_N001,LMP,32.35429,21:00:00,22
2021-11-25T02:00:00Z,2021-11-25T03:00:00Z,2021-11-24,19,IRONMTN_2_N001,LMP,69.742679999999993,02:00:00,3
2021-11-24T18:00:00Z,2021-11-24T19:00:00Z,2021-11-24,11,IRONMTN_2_N001,LMP,32.87791,18:00:00,19
2021-11-25T03:00:00Z,2021-11-25T04:00:00Z,2021-11-24,20,IRONMTN_2_N001,LMP,66.14489,03:00:00,4
2021-11-24T16:00:00Z,2021-11-24T17:00:00Z,2021-11-24,9,IRONMTN_2_N001,LMP,46.30925,16:00:00,17
2021-11-24T23:00:00Z,2021-11-25T00:00:00Z,2021-11-24,16,IRONMTN_2_N001,LMP,51.23903,23:00:00,24
2021-11-25T04:00:00Z,2021-11-25T05:00:00Z,2021-11-24,21,IRONMTN_2_N001,LMP,68.95425,04:00:00,5
2021-11-24T17:00:00Z,2021-11-24T18:00:00Z,2021-11-24,10,IRONMTN_2_N001,LMP,36.67463,17:00:00,18
2021-11-24T14:00:00Z,2021-11-24T15:00:00Z,2021-11-24,7,IRONMTN_2_N001,LMP,68.85758,14:00:00,15
2021-11-24T11:00:00Z,2021-11-24T12:00:00Z,2021-11-24,4,IRONMTN_2_N001,LMP,46.56399,11:00:00,12
2021-11-25T23:00:00Z,2021-11-26T00:00:00Z,2021-11-25,16,IRONMTN_2_N001,LMP,47.56789,23:00:00,24
2021-11-25T12:00:00Z,2021-11-25T13:00:00Z,2021-11-25,5,IRONMTN_2_N001,LMP,49.0051,12:00:00,13
2021-11-25T13:00:00Z,2021-11-25T14:00:00Z,2021-11-25,6,IRONMTN_2_N001,LMP,54.14995,13:00:00,14
2021-11-26T05:00:00Z,2021-11-26T06:00:00Z,2021-11-25,22,IRONMTN_2_N001,LMP,54.86504,05:00:00,6
2021-11-25T11:00:00Z,2021-11-25T12:00:00Z,2021-11-25,4,IRONMTN_2_N001,LMP,48.00501,11:00:00,12
2021-11-25T21:00:00Z,2021-11-25T22:00:00Z,2021-11-25,14,IRONMTN_2_N001,LMP,6.86196,21:00:00,22
2021-11-26T04:00:00Z,2021-11-26T05:00:00Z,2021-11-25,21,IRONMTN_2_N001,LMP,58.71495,04:00:00,5
2021-11-25T08:00:00Z,2021-11-25T09:00:00Z,2021-11-25,1,IRONMTN_2_N001,LMP,49.63343,08:00:00,9
2021-11-25T22:00:00Z,2021-11-25T23:00:00Z,2021-11-25,15,IRONMTN_2_N001,LMP,21.49773,22:00:00,23
2021-11-26T00:00:00Z,2021-11-26T01:00:00Z,2021-11-25,17,IRONMTN_2_N001,LMP,60.73008,00:00:00,1
2021-11-25T19:00:00Z,2021-11-25T20:00:00Z,2021-11-25,12,IRONMTN_2_N001,LMP,4.51831,19:00:00,20
2021-11-25T18:00:00Z,2021-11-25T19:00:00Z,2021-11-25,11,IRONMTN_2_N001,LMP,3.31745,18:00:00,19
2021-11-26T07:00:00Z,2021-11-26T08:00:00Z,2021-11-25,24,IRONMTN_2_N001,LMP,48.57249,07:00:00,8
2021-11-25T09:00:00Z,2021-11-25T10:00:00Z,2021-11-25,2,IRONMTN_2_N001,LMP,49.51272,09:00:00,10
2021-11-25T14:00:00Z,2021-11-25T15:00:00Z,2021-11-25,7,IRONMTN_2_N001,LMP,54.69742,14:00:00,15
2021-11-26T03:00:00Z,2021-11-26T04:00:00Z,2021-11-25,20,IRONMTN_2_N001,LMP,59.20884,03:00:00,4
2021-11-25T20:00:00Z,2021-11-25T21:00:00Z,2021-11-25,13,IRONMTN_2_N001,LMP,7.0043,20:00:00,21
2021-11-25T10:00:00Z,2021-11-25T11:00:00Z,2021-11-25,3,IRONMTN_2_N001,LMP,48.2843,10:00:00,11
2021-11-25T17:00:00Z,2021-11-25T18:00:00Z,2021-11-25,10,IRONMTN_2_N001,LMP,5.31404,17:00:00,18
2021-11-26T06:00:00Z,2021-11-26T07:00:00Z,2021-11-25,23,IRONMTN_2_N001,LMP,52.37982,06:00:00,7
2021-11-26T01:00:00Z,2021-11-26T02:00:00Z,2021-11-25,18,IRONMTN_2_N001,LMP,69.90369,01:00:00,2
2021-11-25T16:00:00Z,2021-11-25T17:00:00Z,2021-11-25,9,IRONMTN_2_N001,LMP,17.49843,16:00:00,17
2021-11-25T15:00:00Z,2021-11-25T16:00:00Z,2021-11-25,8,IRONMTN_2_N001,LMP,44.51542,15:00:00,16
2021-11-26T02:00:00Z,2021-11-26T03:00:00Z,2021-11-25,19,IRONMTN_2_N001,LMP,61.97885,02:00:00,3
2021-11-26T22:00:00Z,2021-11-26T23:00:00Z,2021-11-26,15,IRONMTN_2_N001,LMP,34.22846,22:00:00,23
2021-11-26T21:00:00Z,2021-11-26T22:00:00Z,2021-11-26,14,IRONMTN_2_N001,LMP,19.44007,21:00:00,22
2021-11-27T03:00:00Z,2021-11-27T04:00:00Z,2021-11-26,20,IRONMTN_2_N001,LMP,64.95042,03:00:00,4
2021-11-26T14:00:00Z,2021-11-26T15:00:00Z,2021-11-26,7,IRONMTN_2_N001,LMP,57.1754,14:00:00,15
2021-11-26T13:00:00Z,2021-11-26T14:00:00Z,2021-11-26,6,IRONMTN_2_N001,LMP,53.07476,13:00:00,14
2021-11-26T19:00:00Z,2021-11-26T20:00:00Z,2021-11-26,12,IRONMTN_2_N001,LMP,11.02095,19:00:00,20
2021-11-27T06:00:00Z,2021-11-27T07:00:00Z,2021-11-26,23,IRONMTN_2_N001,LMP,54.77348,06:00:00,7
2021-11-27T00:00:00Z,2021-11-27T01:00:00Z,2021-11-26,17,IRONMTN_2_N001,LMP,66.30054,00:00:00,1
2021-11-26T16:00:00Z,2021-11-26T17:00:00Z,2021-11-26,9,IRONMTN_2_N001,LMP,23.11098,16:00:00,17
2021-11-26T09:00:00Z,2021-11-26T10:00:00Z,2021-11-26,2,IRONMTN_2_N001,LMP,50,09:00:00,10
2021-11-26T23:00:00Z,2021-11-27T00:00:00Z,2021-11-26,16,IRONMTN_2_N001,LMP,49.55338,23:00:00,24
2021-11-26T17:00:00Z,2021-11-26T18:00:00Z,2021-11-26,10,IRONMTN_2_N001,LMP,12.07653,17:00:00,18
2021-11-27T07:00:00Z,2021-11-27T08:00:00Z,2021-11-26,24,IRONMTN_2_N001,LMP,51.44735,07:00:00,8
2021-11-27T02:00:00Z,2021-11-27T03:00:00Z,2021-11-26,19,IRONMTN_2_N001,LMP,64.89329,02:00:00,3
2021-11-26T18:00:00Z,2021-11-26T19:00:00Z,2021-11-26,11,IRONMTN_2_N001,LMP,10.44926,18:00:00,19
2021-11-27T05:00:00Z,2021-11-27T06:00:00Z,2021-11-26,22,IRONMTN_2_N001,LMP,60,05:00:00,6
2021-11-27T04:00:00Z,2021-11-27T05:00:00Z,2021-11-26,21,IRONMTN_2_N001,LMP,61.7298,04:00:00,5
2021-11-26T10:00:00Z,2021-11-26T11:00:00Z,2021-11-26,3,IRONMTN_2_N001,LMP,48.4999,10:00:00,11
2021-11-27T01:00:00Z,2021-11-27T02:00:00Z,2021-11-26,18,IRONMTN_2_N001,LMP,77.33911,01:00:00,2
2021-11-26T12:00:00Z,2021-11-26T13:00:00Z,2021-11-26,5,IRONMTN_2_N001,LMP,49.2245,12:00:00,13
2021-11-26T20:00:00Z,2021-11-26T21:00:00Z,2021-11-26,13,IRONMTN_2_N001,LMP,17.22047,20:00:00,21
2021-11-26T15:00:00Z,2021-11-26T16:00:00Z,2021-11-26,8,IRONMTN_2_N001,LMP,50.02102,15:00:00,16
2021-11-26T11:00:00Z,2021-11-26T12:00:00Z,2021-11-26,4,IRONMTN_2_N001,LMP,48.21912,11:00:00,12
2021-11-26T08:00:00Z,2021-11-26T09:00:00Z,2021-11-26,1,IRONMTN_2_N001,LMP,52,08:00:00,9
2021-11-27T13:00:00Z,2021-11-27T14:00:00Z,2021-11-27,6,IRONMTN_2_N001,LMP,54.70772,13:00:00,14
2021-11-27T12:00:00Z,2021-11-27T13:00:00Z,2021-11-27,5,IRONMTN_2_N001,LMP,49.6769,12:00:00,13
2021-11-27T16:00:00Z,2021-11-27T17:00:00Z,2021-11-27,9,IRONMTN_2_N001,LMP,25.76563,16:00:00,17
2021-11-28T01:00:00Z,2021-11-28T02:00:00Z,2021-11-27,18,IRONMTN_2_N001,LMP,70.92435,01:00:00,2
2021-11-28T02:00:00Z,2021-11-28T03:00:00Z,2021-11-27,19,IRONMTN_2_N001,LMP,62.50964,02:00:00,3
2021-11-28T07:00:00Z,2021-11-28T08:00:00Z,2021-11-27,24,IRONMTN_2_N001,LMP,52.35222,07:00:00,8
2021-11-27T10:00:00Z,2021-11-27T11:00:00Z,2021-11-27,3,IRONMTN_2_N001,LMP,49.45758,10:00:00,11
2021-11-27T20:00:00Z,2021-11-27T21:00:00Z,2021-11-27,13,IRONMTN_2_N001,LMP,11.93803,20:00:00,21
2021-11-28T05:00:00Z,2021-11-28T06:00:00Z,2021-11-27,22,IRONMTN_2_N001,LMP,56.63928,05:00:00,6
2021-11-28T06:00:00Z,2021-11-28T07:00:00Z,2021-11-27,23,IRONMTN_2_N001,LMP,54.60159,06:00:00,7
2021-11-27T18:00:00Z,2021-11-27T19:00:00Z,2021-11-27,11,IRONMTN_2_N001,LMP,7.40465,18:00:00,19
2021-11-27T19:00:00Z,2021-11-27T20:00:00Z,2021-11-27,12,IRONMTN_2_N001,LMP,7.5258,19:00:00,20
2021-11-28T03:00:00Z,2021-11-28T04:00:00Z,2021-11-27,20,IRONMTN_2_N001,LMP,60.236,03:00:00,4
2021-11-28T00:00:00Z,2021-11-28T01:00:00Z,2021-11-27,17,IRONMTN_2_N001,LMP,64.36806,00:00:00,1
2021-11-27T08:00:00Z,2021-11-27T09:00:00Z,2021-11-27,1,IRONMTN_2_N001,LMP,49.97,08:00:00,9
2021-11-27T11:00:00Z,2021-11-27T12:00:00Z,2021-11-27,4,IRONMTN_2_N001,LMP,49.54875,11:00:00,12
2021-11-28T04:00:00Z,2021-11-28T05:00:00Z,2021-11-27,21,IRONMTN_2_N001,LMP,59.71649,04:00:00,5
2021-11-27T14:00:00Z,2021-11-27T15:00:00Z,2021-11-27,7,IRONMTN_2_N001,LMP,54.85997,14:00:00,15
2021-11-27T15:00:00Z,2021-11-27T16:00:00Z,2021-11-27,8,IRONMTN_2_N001,LMP,50.37971,15:00:00,16
2021-11-27T17:00:00Z,2021-11-27T18:00:00Z,2021-11-27,10,IRONMTN_2_N001,LMP,8.07466,17:00:00,18
2021-11-27T21:00:00Z,2021-11-27T22:00:00Z,2021-11-27,14,IRONMTN_2_N001,LMP,14.735,21:00:00,22
2021-11-27T22:00:00Z,2021-11-27T23:00:00Z,2021-11-27,15,IRONMTN_2_N001,LMP,23.64029,22:00:00,23
2021-11-27T23:00:00Z,2021-11-28T00:00:00Z,2021-11-27,16,IRONMTN_2_N001,LMP,49.87616,23:00:00,24
2021-11-27T09:00:00Z,2021-11-27T10:00:00Z,2021-11-27,2,IRONMTN_2_N001,LMP,49.54379,09:00:00,10
2021-11-28T12:00:00Z,2021-11-28T13:00:00Z,2021-11-28,5,IRONMTN_2_N001,LMP,50.25387,12:00:00,13
2021-11-29T01:00:00Z,2021-11-29T02:00:00Z,2021-11-28,18,IRONMTN_2_N001,LMP,80.38976,01:00:00,2
2021-11-28T10:00:00Z,2021-11-28T11:00:00Z,2021-11-28,3,IRONMTN_2_N001,LMP,50.28946,10:00:00,11
2021-11-29T05:00:00Z,2021-11-29T06:00:00Z,2021-11-28,22,IRONMTN_2_N001,LMP,54.97695,05:00:00,6
2021-11-28T15:00:00Z,2021-11-28T16:00:00Z,2021-11-28,8,IRONMTN_2_N001,LMP,47.58016,15:00:00,16
2021-11-29T07:00:00Z,2021-11-29T08:00:00Z,2021-11-28,24,IRONMTN_2_N001,LMP,51.20567,07:00:00,8
2021-11-29T04:00:00Z,2021-11-29T05:00:00Z,2021-11-28,21,IRONMTN_2_N001,LMP,59.95486,04:00:00,5
2021-11-28T11:00:00Z,2021-11-28T12:00:00Z,2021-11-28,4,IRONMTN_2_N001,LMP,50.15498,11:00:00,12
2021-11-28T16:00:00Z,2021-11-28T17:00:00Z,2021-11-28,9,IRONMTN_2_N001,LMP,20.4199,16:00:00,17
2021-11-28T20:00:00Z,2021-11-28T21:00:00Z,2021-11-28,13,IRONMTN_2_N001,LMP,5.27996,20:00:00,21
2021-11-28T14:00:00Z,2021-11-28T15:00:00Z,2021-11-28,7,IRONMTN_2_N001,LMP,52.78864,14:00:00,15
2021-11-28T18:00:00Z,2021-11-28T19:00:00Z,2021-11-28,11,IRONMTN_2_N001,LMP,5.38345,18:00:00,19
2021-11-28T09:00:00Z,2021-11-28T10:00:00Z,2021-11-28,2,IRONMTN_2_N001,LMP,48.94581,09:00:00,10
2021-11-28T17:00:00Z,2021-11-28T18:00:00Z,2021-11-28,10,IRONMTN_2_N001,LMP,7.24923,17:00:00,18
2021-11-29T02:00:00Z,2021-11-29T03:00:00Z,2021-11-28,19,IRONMTN_2_N001,LMP,65.73923,02:00:00,3
2021-11-29T00:00:00Z,2021-11-29T01:00:00Z,2021-11-28,17,IRONMTN_2_N001,LMP,63.99665,00:00:00,1
2021-11-28T22:00:00Z,2021-11-28T23:00:00Z,2021-11-28,15,IRONMTN_2_N001,LMP,20.21126,22:00:00,23
2021-11-28T19:00:00Z,2021-11-28T20:00:00Z,2021-11-28,12,IRONMTN_2_N001,LMP,4.38486,19:00:00,20
2021-11-28T21:00:00Z,2021-11-28T22:00:00Z,2021-11-28,14,IRONMTN_2_N001,LMP,12.55285,21:00:00,22
2021-11-28T08:00:00Z,2021-11-28T09:00:00Z,2021-11-28,1,IRONMTN_2_N001,LMP,49.66771,08:00:00,9
2021-11-28T23:00:00Z,2021-11-29T00:00:00Z,2021-11-28,16,IRONMTN_2_N001,LMP,52.31877,23:00:00,24
2021-11-29T03:00:00Z,2021-11-29T04:00:00Z,2021-11-28,20,IRONMTN_2_N001,LMP,61.86517,03:00:00,4
2021-11-29T06:00:00Z,2021-11-29T07:00:00Z,2021-11-28,23,IRONMTN_2_N001,LMP,54.88203,06:00:00,7
2021-11-28T13:00:00Z,2021-11-28T14:00:00Z,2021-11-28,6,IRONMTN_2_N001,LMP,53.11583,13:00:00,14
2021-11-29T12:00:00Z,2021-11-29T13:00:00Z,2021-11-29,5,IRONMTN_2_N001,LMP,51.23189,12:00:00,13
2021-11-29T13:00:00Z,2021-11-29T14:00:00Z,2021-11-29,6,IRONMTN_2_N001,LMP,58.46145,13:00:00,14
2021-11-29T18:00:00Z,2021-11-29T19:00:00Z,2021-11-29,11,IRONMTN_2_N001,LMP,36.6149,18:00:00,19
2021-11-30T06:00:00Z,2021-11-30T07:00:00Z,2021-11-29,23,IRONMTN_2_N001,LMP,56.27461,06:00:00,7
2021-11-29T08:00:00Z,2021-11-29T09:00:00Z,2021-11-29,1,IRONMTN_2_N001,LMP,50.37569,08:00:00,9
2021-11-29T16:00:00Z,2021-11-29T17:00:00Z,2021-11-29,9,IRONMTN_2_N001,LMP,47.90677,16:00:00,17
2021-11-30T02:00:00Z,2021-11-30T03:00:00Z,2021-11-29,19,IRONMTN_2_N001,LMP,79.45342,02:00:00,3
2021-11-30T03:00:00Z,2021-11-30T04:00:00Z,2021-11-29,20,IRONMTN_2_N001,LMP,74.94784,03:00:00,4
2021-11-29T14:00:00Z,2021-11-29T15:00:00Z,2021-11-29,7,IRONMTN_2_N001,LMP,72.42889,14:00:00,15
2021-11-29T17:00:00Z,2021-11-29T18:00:00Z,2021-11-29,10,IRONMTN_2_N001,LMP,35.94806,17:00:00,18
2021-11-29T20:00:00Z,2021-11-29T21:00:00Z,2021-11-29,13,IRONMTN_2_N001,LMP,34.66581,20:00:00,21
2021-11-30T04:00:00Z,2021-11-30T05:00:00Z,2021-11-29,21,IRONMTN_2_N001,LMP,68.29147,04:00:00,5
2021-11-30T01:00:00Z,2021-11-30T02:00:00Z,2021-11-29,18,IRONMTN_2_N001,LMP,90.54085,01:00:00,2
2021-11-29T19:00:00Z,2021-11-29T20:00:00Z,2021-11-29,12,IRONMTN_2_N001,LMP,33.2898,19:00:00,20
2021-11-29T10:00:00Z,2021-11-29T11:00:00Z,2021-11-29,3,IRONMTN_2_N001,LMP,48.66945,10:00:00,11
2021-11-30T00:00:00Z,2021-11-30T01:00:00Z,2021-11-29,17,IRONMTN_2_N001,LMP,80.36,00:00:00,1
2021-11-29T22:00:00Z,2021-11-29T23:00:00Z,2021-11-29,15,IRONMTN_2_N001,LMP,47.75569,22:00:00,23
2021-11-29T09:00:00Z,2021-11-29T10:00:00Z,2021-11-29,2,IRONMTN_2_N001,LMP,49.04411,09:00:00,10
2021-11-29T21:00:00Z,2021-11-29T22:00:00Z,2021-11-29,14,IRONMTN_2_N001,LMP,35.52609,21:00:00,22
2021-11-29T15:00:00Z,2021-11-29T16:00:00Z,2021-11-29,8,IRONMTN_2_N001,LMP,58.81274,15:00:00,16
2021-11-29T23:00:00Z,2021-11-30T00:00:00Z,2021-11-29,16,IRONMTN_2_N001,LMP,58.31516,23:00:00,24
2021-11-30T05:00:00Z,2021-11-30T06:00:00Z,2021-11-29,22,IRONMTN_2_N001,LMP,61.13895,05:00:00,6
2021-11-30T07:00:00Z,2021-11-30T08:00:00Z,2021-11-29,24,IRONMTN_2_N001,LMP,53.40546,07:00:00,8
2021-11-29T11:00:00Z,2021-11-29T12:00:00Z,2021-11-29,4,IRONMTN_2_N001,LMP,49.43507,11:00:00,12
2021-12-01T01:00:00Z,2021-12-01T02:00:00Z,2021-11-30,18,IRONMTN_2_N001,LMP,84.58849,01:00:00,2
2021-11-30T18:00:00Z,2021-11-30T19:00:00Z,2021-11-30,11,IRONMTN_2_N001,LMP,25.1935,18:00:00,19
2021-12-01T07:00:00Z,2021-12-01T08:00:00Z,2021-11-30,24,IRONMTN_2_N001,LMP,47.04309,07:00:00,8
2021-12-01T05:00:00Z,2021-12-01T06:00:00Z,2021-11-30,22,IRONMTN_2_N001,LMP,54.55009,05:00:00,6
2021-12-01T04:00:00Z,2021-12-01T05:00:00Z,2021-11-30,21,IRONMTN_2_N001,LMP,62.00661,04:00:00,5
2021-12-01T03:00:00Z,2021-12-01T04:00:00Z,2021-11-30,20,IRONMTN_2_N001,LMP,66.43056,03:00:00,4
2021-11-30T13:00:00Z,2021-11-30T14:00:00Z,2021-11-30,6,IRONMTN_2_N001,LMP,42.30911,13:00:00,14
2021-11-30T12:00:00Z,2021-11-30T13:00:00Z,2021-11-30,5,IRONMTN_2_N001,LMP,46.58809,12:00:00,13
2021-11-30T08:00:00Z,2021-11-30T09:00:00Z,2021-11-30,1,IRONMTN_2_N001,LMP,44.42945,08:00:00,9
2021-11-30T11:00:00Z,2021-11-30T12:00:00Z,2021-11-30,4,IRONMTN_2_N001,LMP,45.50944,11:00:00,12
2021-11-30T21:00:00Z,2021-11-30T22:00:00Z,2021-11-30,14,IRONMTN_2_N001,LMP,32.61309,21:00:00,22
2021-11-30T20:00:00Z,2021-11-30T21:00:00Z,2021-11-30,13,IRONMTN_2_N001,LMP,27.35767,20:00:00,21
2021-11-30T15:00:00Z,2021-11-30T16:00:00Z,2021-11-30,8,IRONMTN_2_N001,LMP,53.12978,15:00:00,16
2021-11-30T16:00:00Z,2021-11-30T17:00:00Z,2021-11-30,9,IRONMTN_2_N001,LMP,40.07851,16:00:00,17
2021-11-30T14:00:00Z,2021-11-30T15:00:00Z,2021-11-30,7,IRONMTN_2_N001,LMP,62.16692,14:00:00,15
2021-12-01T06:00:00Z,2021-12-01T07:00:00Z,2021-11-30,23,IRONMTN_2_N001,LMP,49.43862,06:00:00,7
2021-11-30T10:00:00Z,2021-11-30T11:00:00Z,2021-11-30,3,IRONMTN_2_N001,LMP,44.46531,10:00:00,11
2021-12-01T00:00:00Z,2021-12-01T01:00:00Z,2021-11-30,17,IRONMTN_2_N001,LMP,75,00:00:00,1
2021-11-30T09:00:00Z,2021-11-30T10:00:00Z,2021-11-30,2,IRONMTN_2_N001,LMP,45.07897,09:00:00,10
2021-11-30T23:00:00Z,2021-12-01T00:00:00Z,2021-11-30,16,IRONMTN_2_N001,LMP,49.87838,23:00:00,24
2021-11-30T22:00:00Z,2021-11-30T23:00:00Z,2021-11-30,15,IRONMTN_2_N001,LMP,40.94144,22:00:00,23
2021-12-01T02:00:00Z,2021-12-01T03:00:00Z,2021-11-30,19,IRONMTN_2_N001,LMP,70.77778,02:00:00,3
2021-11-30T17:00:00Z,2021-11-30T18:00:00Z,2021-11-30,10,IRONMTN_2_N001,LMP,29.064,17:00:00,18
2021-11-30T19:00:00Z,2021-11-30T20:00:00Z,2021-11-30,12,IRONMTN_2_N001,LMP,26.87714,19:00:00,20
