intervalstarttime_gmt,intervalendtime_gmt,opr_dt,opr_hr,node,lmp_type,mw
2021-10-01T11:00:00Z,2021-10-01T12:00:00Z,2021-10-01,5,IRONMTN_2_N001,LMP,53.07824
2021-10-01T20:00:00Z,2021-10-01T21:00:00Z,2021-10-01,14,IRONMTN_2_N001,LMP,49.07236
2021-10-02T02:00:00Z,2021-10-02T03:00:00Z,2021-10-01,20,IRONMTN_2_N001,LMP,84.45872
2021-10-01T08:00:00Z,2021-10-01T09:00:00Z,2021-10-01,2,IRONMTN_2_N001,LMP,53.64029
2021-10-01T07:00:00Z,2021-10-01T08:00:00Z,2021-10-01,1,IRONMTN_2_N001,LMP,56.81739
2021-10-01T22:00:00Z,2021-10-01T23:00:00Z,2021-10-01,16,IRONMTN_2_N001,LMP,57.01801
2021-10-01T19:00:00Z,2021-10-01T20:00:00Z,2021-10-01,13,IRONMTN_2_N001,LMP,46.92632
2021-10-01T09:00:00Z,2021-10-01T10:00:00Z,2021-10-01,3,IRONMTN_2_N001,LMP,52.65174
2021-10-01T14:00:00Z,2021-10-01T15:00:00Z,2021-10-01,8,IRONMTN_2_N001,LMP,59.833
2021-10-01T10:00:00Z,2021-10-01T11:00:00Z,2021-10-01,4,IRONMTN_2_N001,LMP,52.46896
2021-10-02T06:00:00Z,2021-10-02T07:00:00Z,2021-10-01,24,IRONMTN_2_N001,LMP,58.59242
2021-10-01T18:00:00Z,2021-10-01T19:00:00Z,2021-10-01,12,IRONMTN_2_N001,LMP,42.20268
2021-10-02T01:00:00Z,2021-10-02T02:00:00Z,2021-10-01,19,IRONMTN_2_N001,LMP,102.15865
2021-10-02T05:00:00Z,2021-10-02T06:00:00Z,2021-10-01,23,IRONMTN_2_N001,LMP,62.87041
2021-10-01T16:00:00Z,2021-10-01T17:00:00Z,2021-10-01,10,IRONMTN_2_N001,LMP,45.38855
2021-10-01T13:00:00Z,2021-10-01T14:00:00Z,2021-10-01,7,IRONMTN_2_N001,LMP,62.72893
2021-10-01T12:00:00Z,2021-10-01T13:00:00Z,2021-10-01,6,IRONMTN_2_N001,LMP,56.21486
2021-10-01T23:00:00Z,2021-10-02T00:00:00Z,2021-10-01,17,IRONMTN_2_N001,LMP,62.24512
2021-10-02T00:00:00Z,2021-10-02T01:00:00Z,2021-10-01,18,IRONMTN_2_N001,LMP,80.98675
2021-10-01T21:00:00Z,2021-10-01T22:00:00Z,2021-10-01,15,IRONMTN_2_N001,LMP,54.22584
2021-10-02T03:00:00Z,2021-10-02T04:00:00Z,2021-10-01,21,IRONMTN_2_N001,LMP,73.03047
2021-10-01T17:00:00Z,2021-10-01T18:00:00Z,2021-10-01,11,IRONMTN_2_N001,LMP,41.00593
2021-10-02T04:00:00Z,2021-10-02T05:00:00Z,2021-10-01,22,IRONMTN_2_N001,LMP,72.06663
2021-10-01T15:00:00Z,2021-10-01T16:00:00Z,2021-10-01,9,IRONMTN_2_N001,LMP,49.72838
2021-10-02T16:00:00Z,2021-10-02T17:00:00Z,2021-10-02,10,IRONMTN_2_N001,LMP,39.36677
2021-10-03T02:00:00Z,2021-10-03T03:00:00Z,2021-10-02,20,IRONMTN_2_N001,LMP,79.18579
2021-10-02T22:00:00Z,2021-10-02T23:00:00Z,2021-10-02,16,IRONMTN_2_N001,LMP,54.60737
2021-10-03T01:00:00Z,2021-10-03T02:00:00Z,2021-10-02,19,IRONMTN_2_N001,LMP,90.53053
2021-10-03T04:00:00Z,2021-10-03T05:00:00Z,2021-10-02,22,IRONMTN_2_N001,LMP,69.5628
2021-10-02T07:00:00Z,2021-10-02T08:00:00Z,2021-10-02,1,IRONMTN_2_N001,LMP,57.72475
2021-10-02T10:00:00Z,2021-10-02T11:00:00Z,2021-10-02,4,IRONMTN_2_N001,LMP,54.68368
2021-10-02T15:00:00Z,2021-10-02T16:00:00Z,2021-10-02,9,IRONMTN_2_N001,LMP,45.86093
2021-10-03T05:00:00Z,2021-10-03T06:00:00Z,2021-10-02,23,IRONMTN_2_N001,LMP,63.87837
2021-10-02T08:00:00Z,2021-10-02T09:00:00Z,2021-10-02,2,IRONMTN_2_N001,LMP,56.83845
2021-10-02T09:00:00Z,2021-10-02T10:00:00Z,2021-10-02,3,IRONMTN_2_N001,LMP,56.464
2021-10-02T12:00:00Z,2021-10-02T13:00:00Z,2021-10-02,6,IRONMTN_2_N001,LMP,56.35991
2021-10-02T18:00:00Z,2021-10-02T19:00:00Z,2021-10-02,12,IRONMTN_2_N001,LMP,37.94586
2021-10-03T00:00:00Z,2021-10-03T01:00:00Z,2021-10-02,18,IRONMTN_2_N001,LMP,71.54591
2021-10-03T03:00:00Z,2021-10-03T04:00:00Z,2021-10-02,21,IRONMTN_2_N001,LMP,70.96409
2021-10-02T11:00:00Z,2021-10-02T12:00:00Z,2021-10-02,5,IRONMTN_2_N001,LMP,54.14687
2021-10-02T14:00:00Z,2021-10-02T15:00:00Z,2021-10-02,8,IRONMTN_2_N001,LMP,55.18919
2021-10-03T06:00:00Z,2021-10-03T07:00:00Z,2021-10-02,24,IRONMTN_2_N001,LMP,58.16281
2021-10-02T17:00:00Z,2021-10-02T18:00:00Z,2021-10-02,11,IRONMTN_2_N001,LMP,34.53182
2021-10-02T13:00:00Z,2021-10-02T14:00:00Z,2021-10-02,7,IRONMTN_2_N001,LMP,60.60699
2021-10-02T19:00:00Z,2021-10-02T20:00:00Z,2021-10-02,13,IRONMTN_2_N001,LMP,43.06217
2021-10-02T21:00:00Z,2021-10-02T22:00:00Z,2021-10-02,15,IRONMTN_2_N001,LMP,50.54339
2021-10-02T23:00:00Z,2021-10-03T00:00:00Z,2021-10-02,17,IRONMTN_2_N001,LMP,60.76845
2021-10-02T20:00:00Z,2021-10-02T21:00:00Z,2021-10-02,14,IRONMTN_2_N001,LMP,45.5011
2021-10-03T11:00:00Z,2021-10-03T12:00:00Z,2021-10-03,5,IRONMTN_2_N001,LMP,54.14306
2021-10-03T12:00:00Z,2021-10-03T13:00:00Z,2021-10-03,6,IRONMTN_2_N001,LMP,56.19962
2021-10-03T07:00:00Z,2021-10-03T08:00:00Z,2021-10-03,1,IRONMTN_2_N001,LMP,57.32259
2021-10-04T05:00:00Z,2021-10-04T06:00:00Z,2021-10-03,23,IRONMTN_2_N001,LMP,63.17182
2021-10-03T21:00:00Z,2021-10-03T22:00:00Z,2021-10-03,15,IRONMTN_2_N001,LMP,50.64241
2021-10-03T15:00:00Z,2021-10-03T16:00:00Z,2021-10-03,9,IRONMTN_2_N001,LMP,42.13698
2021-10-03T22:00:00Z,2021-10-03T23:00:00Z,2021-10-03,16,IRONMTN_2_N001,LMP,57.03623
2021-10-03T23:00:00Z,2021-10-04T00:00:00Z,2021-10-03,17,IRONMTN_2_N001,LMP,61.90313
2021-10-03T14:00:00Z,2021-10-03T15:00:00Z,2021-10-03,8,IRONMTN_2_N001,LMP,52.47295
2021-10-04T06:00:00Z,2021-10-04T07:00:00Z,2021-10-03,24,IRONMTN_2_N001,LMP,58.82573
2021-10-04T03:00:00Z,2021-10-04T04:00:00Z,2021-10-03,21,IRONMTN_2_N001,LMP,73.80894
2021-10-04T04:00:00Z,2021-10-04T05:00:00Z,2021-10-03,22,IRONMTN_2_N001,LMP,72.99633
2021-10-03T16:00:00Z,2021-10-03T17:00:00Z,2021-10-03,10,IRONMTN_2_N001,LMP,28.58834
2021-10-03T18:00:00Z,2021-10-03T19:00:00Z,2021-10-03,12,IRONMTN_2_N001,LMP,31.55825
2021-10-03T20:00:00Z,2021-10-03T21:00:00Z,2021-10-03,14,IRONMTN_2_N001,LMP,48.62358
2021-10-04T02:00:00Z,2021-10-04T03:00:00Z,2021-10-03,20,IRONMTN_2_N001,LMP,91.47701
2021-10-03T10:00:00Z,2021-10-03T11:00:00Z,2021-10-03,4,IRONMTN_2_N001,LMP,54.1866
2021-10-03T13:00:00Z,2021-10-03T14:00:00Z,2021-10-03,7,IRONMTN_2_N001,LMP,57.15438
2021-10-03T17:00:00Z,2021-10-03T18:00:00Z,2021-10-03,11,IRONMTN_2_N001,LMP,27.84785
2021-10-04T00:00:00Z,2021-10-04T01:00:00Z,2021-10-03,18,IRONMTN_2_N001,LMP,79.93366
2021-10-04T01:00:00Z,2021-10-04T02:00:00Z,2021-10-03,19,IRONMTN_2_N001,LMP,108.94611
2021-10-03T08:00:00Z,2021-10-03T09:00:00Z,2021-10-03,2,IRONMTN_2_N001,LMP,57.16669
2021-10-03T09:00:00Z,2021-10-03T10:00:00Z,2021-10-03,3,IRONMTN_2_N001,LMP,53.78367
2021-10-03T19:00:00Z,2021-10-03T20:00:00Z,2021-10-03,13,IRONMTN_2_N001,LMP,42.48118
2021-10-04T19:00:00Z,2021-10-04T20:00:00Z,2021-10-04,13,IRONMTN_2_N001,LMP,54.5479
2021-10-05T01:00:00Z,2021-10-05T02:00:00Z,2021-10-04,19,IRONMTN_2_N001,LMP,121.94978
2021-10-04T16:00:00Z,2021-10-04T17:00:00Z,2021-10-04,10,IRONMTN_2_N001,LMP,55.9506
2021-10-05T03:00:00Z,2021-10-05T04:00:00Z,2021-10-04,21,IRONMTN_2_N001,LMP,70.14432
2021-10-04T14:00:00Z,2021-10-04T15:00:00Z,2021-10-04,8,IRONMTN_2_N001,LMP,52.0663
2021-10-04T11:00:00Z,2021-10-04T12:00:00Z,2021-10-04,5,IRONMTN_2_N001,LMP,54.12197
2021-10-04T23:00:00Z,2021-10-05T00:00:00Z,2021-10-04,17,IRONMTN_2_N001,LMP,80.61802
2021-10-04T13:00:00Z,2021-10-04T14:00:00Z,2021-10-04,7,IRONMTN_2_N001,LMP,61.68431
2021-10-04T08:00:00Z,2021-10-04T09:00:00Z,2021-10-04,2,IRONMTN_2_N001,LMP,55.35319
2021-10-05T00:00:00Z,2021-10-05T01:00:00Z,2021-10-04,18,IRONMTN_2_N001,LMP,97.46843
2021-10-04T21:00:00Z,2021-10-04T22:00:00Z,2021-10-04,15,IRONMTN_2_N001,LMP,61.11625
2021-10-04T20:00:00Z,2021-10-04T21:00:00Z,2021-10-04,14,IRONMTN_2_N001,LMP,58.92001
2021-10-05T05:00:00Z,2021-10-05T06:00:00Z,2021-10-04,23,IRONMTN_2_N001,LMP,47.08228
2021-10-04T09:00:00Z,2021-10-04T10:00:00Z,2021-10-04,3,IRONMTN_2_N001,LMP,53.67478
2021-10-04T22:00:00Z,2021-10-04T23:00:00Z,2021-10-04,16,IRONMTN_2_N001,LMP,70.5195
2021-10-04T18:00:00Z,2021-10-04T19:00:00Z,2021-10-04,12,IRONMTN_2_N001,LMP,48.24181
2021-10-05T04:00:00Z,2021-10-05T05:00:00Z,2021-10-04,22,IRONMTN_2_N001,LMP,73.62404
2021-10-04T15:00:00Z,2021-10-04T16:00:00Z,2021-10-04,9,IRONMTN_2_N001,LMP,55.38023
2021-10-04T17:00:00Z,2021-10-04T18:00:00Z,2021-10-04,11,IRONMTN_2_N001,LMP,47.65304
2021-10-05T06:00:00Z,2021-10-05T07:00:00Z,2021-10-04,24,IRONMTN_2_N001,LMP,43.03686
2021-10-04T12:00:00Z,2021-10-04T13:00:00Z,2021-10-04,6,IRONMTN_2_N001,LMP,57.66463
2021-10-04T10:00:00Z,2021-10-04T11:00:00Z,2021-10-04,4,IRONMTN_2_N001,LMP,53.44984
2021-10-04T07:00:00Z,2021-10-04T08:00:00Z,2021-10-04,1,IRONMTN_2_N001,LMP,60.72031
2021-10-05T02:00:00Z,2021-10-05T03:00:00Z,2021-10-04,20,IRONMTN_2_N001,LMP,90.69672
2021-10-05T07:00:00Z,2021-10-05T08:00:00Z,2021-10-05,1,IRONMTN_2_N001,LMP,64.22181
2021-10-06T00:00:00Z,2021-10-06T01:00:00Z,2021-10-05,18,IRONMTN_2_N001,LMP,76.06299
2021-10-05T16:00:00Z,2021-10-05T17:00:00Z,2021-10-05,10,IRONMTN_2_N001,LMP,51.39743
2021-10-05T09:00:00Z,2021-10-05T10:00:00Z,2021-10-05,3,IRONMTN_2_N001,LMP,59.80846
2021-10-05T11:00:00Z,2021-10-05T12:00:00Z,2021-10-05,5,IRONMTN_2_N001,LMP,60.97713
2021-10-06T03:00:00Z,2021-10-06T04:00:00Z,2021-10-05,21,IRONMTN_2_N001,LMP,69.21821
2021-10-05T21:00:00Z,2021-10-05T22:00:00Z,2021-10-05,15,IRONMTN_2_N001,LMP,53.01295
2021-10-06T06:00:00Z,2021-10-06T07:00:00Z,2021-10-05,24,IRONMTN_2_N001,LMP,64.464340000000007
2021-10-05T19:00:00Z,2021-10-05T20:00:00Z,2021-10-05,13,IRONMTN_2_N001,LMP,50.76822
2021-10-05T17:00:00Z,2021-10-05T18:00:00Z,2021-10-05,11,IRONMTN_2_N001,LMP,50.21324
2021-10-06T01:00:00Z,2021-10-06T02:00:00Z,2021-10-05,19,IRONMTN_2_N001,LMP,91.3634
2021-10-05T10:00:00Z,2021-10-05T11:00:00Z,2021-10-05,4,IRONMTN_2_N001,LMP,59.48317
2021-10-05T15:00:00Z,2021-10-05T16:00:00Z,2021-10-05,9,IRONMTN_2_N001,LMP,56.4003
2021-10-06T04:00:00Z,2021-10-06T05:00:00Z,2021-10-05,22,IRONMTN_2_N001,LMP,72.36373
2021-10-05T20:00:00Z,2021-10-05T21:00:00Z,2021-10-05,14,IRONMTN_2_N001,LMP,52.78867
2021-10-06T02:00:00Z,2021-10-06T03:00:00Z,2021-10-05,20,IRONMTN_2_N001,LMP,80.62954
2021-10-05T12:00:00Z,2021-10-05T13:00:00Z,2021-10-05,6,IRONMTN_2_N001,LMP,63.78592
2021-10-05T14:00:00Z,2021-10-05T15:00:00Z,2021-10-05,8,IRONMTN_2_N001,LMP,69.69037
2021-10-05T18:00:00Z,2021-10-05T19:00:00Z,2021-10-05,12,IRONMTN_2_N001,LMP,48.61262
2021-10-05T23:00:00Z,2021-10-06T00:00:00Z,2021-10-05,17,IRONMTN_2_N001,LMP,61.86693
2021-10-05T13:00:00Z,2021-10-05T14:00:00Z,2021-10-05,7,IRONMTN_2_N001,LMP,72.18806
2021-10-06T05:00:00Z,2021-10-06T06:00:00Z,2021-10-05,23,IRONMTN_2_N001,LMP,69.29815
2021-10-05T22:00:00Z,2021-10-05T23:00:00Z,2021-10-05,16,IRONMTN_2_N001,LMP,57.6926
2021-10-05T08:00:00Z,2021-10-05T09:00:00Z,2021-10-05,2,IRONMTN_2_N001,LMP,62.62798
2021-10-06T09:00:00Z,2021-10-06T10:00:00Z,2021-10-06,3,IRONMTN_2_N001,LMP,52.71751
2021-10-06T18:00:00Z,2021-10-06T19:00:00Z,2021-10-06,12,IRONMTN_2_N001,LMP,49.97375
2021-10-07T00:00:00Z,2021-10-07T01:00:00Z,2021-10-06,18,IRONMTN_2_N001,LMP,76.09594
2021-10-06T20:00:00Z,2021-10-06T21:00:00Z,2021-10-06,14,IRONMTN_2_N001,LMP,52.11134
2021-10-07T03:00:00Z,2021-10-07T04:00:00Z,2021-10-06,21,IRONMTN_2_N001,LMP,72.72383
2021-10-07T01:00:00Z,2021-10-07T02:00:00Z,2021-10-06,19,IRONMTN_2_N001,LMP,86.63508
2021-10-06T22:00:00Z,2021-10-06T23:00:00Z,2021-10-06,16,IRONMTN_2_N001,LMP,57.01011
2021-10-06T16:00:00Z,2021-10-06T17:00:00Z,2021-10-06,10,IRONMTN_2_N001,LMP,50.27779
2021-10-06T14:00:00Z,2021-10-06T15:00:00Z,2021-10-06,8,IRONMTN_2_N001,LMP,68.13249
2021-10-06T08:00:00Z,2021-10-06T09:00:00Z,2021-10-06,2,IRONMTN_2_N001,LMP,52.8217
2021-10-06T07:00:00Z,2021-10-06T08:00:00Z,2021-10-06,1,IRONMTN_2_N001,LMP,56.29247
2021-10-06T19:00:00Z,2021-10-06T20:00:00Z,2021-10-06,13,IRONMTN_2_N001,LMP,52.02356
2021-10-07T06:00:00Z,2021-10-07T07:00:00Z,2021-10-06,24,IRONMTN_2_N001,LMP,57.63338
2021-10-06T17:00:00Z,2021-10-06T18:00:00Z,2021-10-06,11,IRONMTN_2_N001,LMP,48.62365
2021-10-06T15:00:00Z,2021-10-06T16:00:00Z,2021-10-06,9,IRONMTN_2_N001,LMP,56.06471
2021-10-07T04:00:00Z,2021-10-07T05:00:00Z,2021-10-06,22,IRONMTN_2_N001,LMP,67.0271
2021-10-06T12:00:00Z,2021-10-06T13:00:00Z,2021-10-06,6,IRONMTN_2_N001,LMP,58.23277
2021-10-06T10:00:00Z,2021-10-06T11:00:00Z,2021-10-06,4,IRONMTN_2_N001,LMP,54.2791
2021-10-07T02:00:00Z,2021-10-07T03:00:00Z,2021-10-06,20,IRONMTN_2_N001,LMP,81.45288
2021-10-07T05:00:00Z,2021-10-07T06:00:00Z,2021-10-06,23,IRONMTN_2_N001,LMP,61.53422
2021-10-06T13:00:00Z,2021-10-06T14:00:00Z,2021-10-06,7,IRONMTN_2_N001,LMP,67.97024
2021-10-06T11:00:00Z,2021-10-06T12:00:00Z,2021-10-06,5,IRONMTN_2_N001,LMP,54.89975
2021-10-06T23:00:00Z,2021-10-07T00:00:00Z,2021-10-06,17,IRONMTN_2_N001,LMP,56.45659
2021-10-06T21:00:00Z,2021-10-06T22:00:00Z,2021-10-06,15,IRONMTN_2_N001,LMP,54.09788
2021-10-07T17:00:00Z,2021-10-07T18:00:00Z,2021-10-07,11,IRONMTN_2_N001,LMP,51.40138
2021-10-08T04:00:00Z,2021-10-08T05:00:00Z,2021-10-07,22,IRONMTN_2_N001,LMP,72.65508
2021-10-07T16:00:00Z,2021-10-07T17:00:00Z,2021-10-07,10,IRONMTN_2_N001,LMP,56.18185
2021-10-07T18:00:00Z,2021-10-07T19:00:00Z,2021-10-07,12,IRONMTN_2_N001,LMP,50.30204
2021-10-07T14:00:00Z,2021-10-07T15:00:00Z,2021-10-07,8,IRONMTN_2_N001,LMP,73.64932
2021-10-08T02:00:00Z,2021-10-08T03:00:00Z,2021-10-07,20,IRONMTN_2_N001,LMP,78.56204
2021-10-08T01:00:00Z,2021-10-08T02:00:00Z,2021-10-07,19,IRONMTN_2_N001,LMP,83.79052
2021-10-08T00:00:00Z,2021-10-08T01:00:00Z,2021-10-07,18,IRONMTN_2_N001,LMP,73.03706
2021-10-07T22:00:00Z,2021-10-07T23:00:00Z,2021-10-07,16,IRONMTN_2_N001,LMP,56.2915
2021-10-07T13:00:00Z,2021-10-07T14:00:00Z,2021-10-07,7,IRONMTN_2_N001,LMP,69.98015
2021-10-07T12:00:00Z,2021-10-07T13:00:00Z,2021-10-07,6,IRONMTN_2_N001,LMP,58.66313
2021-10-07T09:00:00Z,2021-10-07T10:00:00Z,2021-10-07,3,IRONMTN_2_N001,LMP,52.15079
2021-10-07T11:00:00Z,2021-10-07T12:00:00Z,2021-10-07,5,IRONMTN_2_N001,LMP,53.34517
2021-10-08T06:00:00Z,2021-10-08T07:00:00Z,2021-10-07,24,IRONMTN_2_N001,LMP,59.36076
2021-10-07T21:00:00Z,2021-10-07T22:00:00Z,2021-10-07,15,IRONMTN_2_N001,LMP,51.07211
2021-10-07T23:00:00Z,2021-10-08T00:00:00Z,2021-10-07,17,IRONMTN_2_N001,LMP,58.78256
2021-10-08T03:00:00Z,2021-10-08T04:00:00Z,2021-10-07,21,IRONMTN_2_N001,LMP,74.50712
2021-10-07T08:00:00Z,2021-10-07T09:00:00Z,2021-10-07,2,IRONMTN_2_N001,LMP,53.24082
2021-10-07T15:00:00Z,2021-10-07T16:00:00Z,2021-10-07,9,IRONMTN_2_N001,LMP,61.43585
2021-10-07T07:00:00Z,2021-10-07T08:00:00Z,2021-10-07,1,IRONMTN_2_N001,LMP,58.03323
2021-10-07T19:00:00Z,2021-10-07T20:00:00Z,2021-10-07,13,IRONMTN_2_N001,LMP,48.82224
2021-10-07T10:00:00Z,2021-10-07T11:00:00Z,2021-10-07,4,IRONMTN_2_N001,LMP,53.60839
2021-10-07T20:00:00Z,2021-10-07T21:00:00Z,2021-10-07,14,IRONMTN_2_N001,LMP,48.30095
2021-10-08T05:00:00Z,2021-10-08T06:00:00Z,2021-10-07,23,IRONMTN_2_N001,LMP,63.52998
2021-10-08T20:00:00Z,2021-10-08T21:00:00Z,2021-10-08,14,IRONMTN_2_N001,LMP,41.07982
2021-10-08T16:00:00Z,2021-10-08T17:00:00Z,2021-10-08,10,IRONMTN_2_N001,LMP,58.35744
2021-10-08T09:00:00Z,2021-10-08T10:00:00Z,2021-10-08,3,IRONMTN_2_N001,LMP,50.88646
2021-10-08T10:00:00Z,2021-10-08T11:00:00Z,2021-10-08,4,IRONMTN_2_N001,LMP,52.30504
2021-10-08T15:00:00Z,2021-10-08T16:00:00Z,2021-10-08,9,IRONMTN_2_N001,LMP,59.76885
2021-10-09T03:00:00Z,2021-10-09T04:00:00Z,2021-10-08,21,IRONMTN_2_N001,LMP,52.48458
2021-10-08T18:00:00Z,2021-10-08T19:00:00Z,2021-10-08,12,IRONMTN_2_N001,LMP,49.44793
2021-10-08T08:00:00Z,2021-10-08T09:00:00Z,2021-10-08,2,IRONMTN_2_N001,LMP,52.03002
2021-10-09T04:00:00Z,2021-10-09T05:00:00Z,2021-10-08,22,IRONMTN_2_N001,LMP,65.84924
2021-10-08T13:00:00Z,2021-10-08T14:00:00Z,2021-10-08,7,IRONMTN_2_N001,LMP,64.45527
2021-10-09T02:00:00Z,2021-10-09T03:00:00Z,2021-10-08,20,IRONMTN_2_N001,LMP,62.00003
2021-10-08T22:00:00Z,2021-10-08T23:00:00Z,2021-10-08,16,IRONMTN_2_N001,LMP,43.86719
2021-10-08T23:00:00Z,2021-10-09T00:00:00Z,2021-10-08,17,IRONMTN_2_N001,LMP,40.7111
2021-10-08T07:00:00Z,2021-10-08T08:00:00Z,2021-10-08,1,IRONMTN_2_N001,LMP,55.28235
2021-10-08T17:00:00Z,2021-10-08T18:00:00Z,2021-10-08,11,IRONMTN_2_N001,LMP,51.92147
2021-10-08T11:00:00Z,2021-10-08T12:00:00Z,2021-10-08,5,IRONMTN_2_N001,LMP,55.23873
2021-10-08T12:00:00Z,2021-10-08T13:00:00Z,2021-10-08,6,IRONMTN_2_N001,LMP,60.26061
2021-10-09T05:00:00Z,2021-10-09T06:00:00Z,2021-10-08,23,IRONMTN_2_N001,LMP,56.67439
2021-10-09T06:00:00Z,2021-10-09T07:00:00Z,2021-10-08,24,IRONMTN_2_N001,LMP,57.8342
2021-10-09T00:00:00Z,2021-10-09T01:00:00Z,2021-10-08,18,IRONMTN_2_N001,LMP,51.67515
2021-10-08T14:00:00Z,2021-10-08T15:00:00Z,2021-10-08,8,IRONMTN_2_N001,LMP,67.06187
2021-10-08T19:00:00Z,2021-10-08T20:00:00Z,2021-10-08,13,IRONMTN_2_N001,LMP,43.99262
2021-10-09T01:00:00Z,2021-10-09T02:00:00Z,2021-10-08,19,IRONMTN_2_N001,LMP,68.74876
2021-10-08T21:00:00Z,2021-10-08T22:00:00Z,2021-10-08,15,IRONMTN_2_N001,LMP,40.69025
2021-10-09T12:00:00Z,2021-10-09T13:00:00Z,2021-10-09,6,IRONMTN_2_N001,LMP,48.56975
2021-10-09T10:00:00Z,2021-10-09T11:00:00Z,2021-10-09,4,IRONMTN_2_N001,LMP,43.99792
2021-10-10T06:00:00Z,2021-10-10T07:00:00Z,2021-10-09,24,IRONMTN_2_N001,LMP,50.42883
2021-10-10T00:00:00Z,2021-10-10T01:00:00Z,2021-10-09,18,IRONMTN_2_N001,LMP,57.2212
2021-10-09T08:00:00Z,2021-10-09T09:00:00Z,2021-10-09,2,IRONMTN_2_N001,LMP,45.51298
2021-10-09T20:00:00Z,2021-10-09T21:00:00Z,2021-10-09,14,IRONMTN_2_N001,LMP,7.39326
2021-10-09T13:00:00Z,2021-10-09T14:00:00Z,2021-10-09,7,IRONMTN_2_N001,LMP,52.16405
2021-10-09T07:00:00Z,2021-10-09T08:00:00Z,2021-10-09,1,IRONMTN_2_N001,LMP,46.70036
2021-10-09T22:00:00Z,2021-10-09T23:00:00Z,2021-10-09,16,IRONMTN_2_N001,LMP,14.25176
2021-10-09T18:00:00Z,2021-10-09T19:00:00Z,2021-10-09,12,IRONMTN_2_N001,LMP,7.17321
2021-10-09T17:00:00Z,2021-10-09T18:00:00Z,2021-10-09,11,IRONMTN_2_N001,LMP,9.14366
2021-10-10T05:00:00Z,2021-10-10T06:00:00Z,2021-10-09,23,IRONMTN_2_N001,LMP,38.04184
2021-10-09T15:00:00Z,2021-10-09T16:00:00Z,2021-10-09,9,IRONMTN_2_N001,LMP,36.61037
2021-10-09T09:00:00Z,2021-10-09T10:00:00Z,2021-10-09,3,IRONMTN_2_N001,LMP,44.55569
2021-10-10T01:00:00Z,2021-10-10T02:00:00Z,2021-10-09,19,IRONMTN_2_N001,LMP,66.80679
2021-10-09T16:00:00Z,2021-10-09T17:00:00Z,2021-10-09,10,IRONMTN_2_N001,LMP,13.96591
2021-10-10T02:00:00Z,2021-10-10T03:00:00Z,2021-10-09,20,IRONMTN_2_N001,LMP,65.31805
2021-10-09T23:00:00Z,2021-10-10T00:00:00Z,2021-10-09,17,IRONMTN_2_N001,LMP,25.76466
2021-10-09T19:00:00Z,2021-10-09T20:00:00Z,2021-10-09,13,IRONMTN_2_N001,LMP,6.98638
2021-10-10T04:00:00Z,2021-10-10T05:00:00Z,2021-10-09,22,IRONMTN_2_N001,LMP,49.15761
2021-10-09T21:00:00Z,2021-10-09T22:00:00Z,2021-10-09,15,IRONMTN_2_N001,LMP,9.30531
2021-10-09T14:00:00Z,2021-10-09T15:00:00Z,2021-10-09,8,IRONMTN_2_N001,LMP,49.28287
2021-10-09T11:00:00Z,2021-10-09T12:00:00Z,2021-10-09,5,IRONMTN_2_N001,LMP,45.4478
2021-10-10T03:00:00Z,2021-10-10T04:00:00Z,2021-10-09,21,IRONMTN_2_N001,LMP,54.03698
2021-10-10T19:00:00Z,2021-10-10T20:00:00Z,2021-10-10,13,IRONMTN_2_N001,LMP,5.16964
2021-10-10T20:00:00Z,2021-10-10T21:00:00Z,2021-10-10,14,IRONMTN_2_N001,LMP,5.54473
2021-10-10T14:00:00Z,2021-10-10T15:00:00Z,2021-10-10,8,IRONMTN_2_N001,LMP,46.59007
2021-10-10T10:00:00Z,2021-10-10T11:00:00Z,2021-10-10,4,IRONMTN_2_N001,LMP,49.11121
2021-10-10T07:00:00Z,2021-10-10T08:00:00Z,2021-10-10,1,IRONMTN_2_N001,LMP,47.76327
2021-10-10T22:00:00Z,2021-10-10T23:00:00Z,2021-10-10,16,IRONMTN_2_N001,LMP,17.14653
2021-10-10T16:00:00Z,2021-10-10T17:00:00Z,2021-10-10,10,IRONMTN_2_N001,LMP,11.66909
2021-10-10T15:00:00Z,2021-10-10T16:00:00Z,2021-10-10,9,IRONMTN_2_N001,LMP,31.35426
2021-10-10T13:00:00Z,2021-10-10T14:00:00Z,2021-10-10,7,IRONMTN_2_N001,LMP,55.62363
2021-10-11T00:00:00Z,2021-10-11T01:00:00Z,2021-10-10,18,IRONMTN_2_N001,LMP,57.30399
2021-10-10T17:00:00Z,2021-10-10T18:00:00Z,2021-10-10,11,IRONMTN_2_N001,LMP,6.71095
2021-10-11T01:00:00Z,2021-10-11T02:00:00Z,2021-10-10,19,IRONMTN_2_N001,LMP,68.90086
2021-10-10T18:00:00Z,2021-10-10T19:00:00Z,2021-10-10,12,IRONMTN_2_N001,LMP,4.64093
2021-10-11T03:00:00Z,2021-10-11T04:00:00Z,2021-10-10,21,IRONMTN_2_N001,LMP,52.54701
2021-10-10T21:00:00Z,2021-10-10T22:00:00Z,2021-10-10,15,IRONMTN_2_N001,LMP,10.61989
2021-10-11T06:00:00Z,2021-10-11T07:00:00Z,2021-10-10,24,IRONMTN_2_N001,LMP,48.005
2021-10-11T04:00:00Z,2021-10-11T05:00:00Z,2021-10-10,22,IRONMTN_2_N001,LMP,51.83636
2021-10-10T12:00:00Z,2021-10-10T13:00:00Z,2021-10-10,6,IRONMTN_2_N001,LMP,52.20907
2021-10-10T08:00:00Z,2021-10-10T09:00:00Z,2021-10-10,2,IRONMTN_2_N001,LMP,50.27679
2021-10-11T02:00:00Z,2021-10-11T03:00:00Z,2021-10-10,20,IRONMTN_2_N001,LMP,65.51551
2021-10-10T23:00:00Z,2021-10-11T00:00:00Z,2021-10-10,17,IRONMTN_2_N001,LMP,25.5746
2021-10-11T05:00:00Z,2021-10-11T06:00:00Z,2021-10-10,23,IRONMTN_2_N001,LMP,52.00512
2021-10-10T11:00:00Z,2021-10-10T12:00:00Z,2021-10-10,5,IRONMTN_2_N001,LMP,49.32204
2021-10-10T09:00:00Z,2021-10-10T10:00:00Z,2021-10-10,3,IRONMTN_2_N001,LMP,48.92609
2021-10-12T03:00:00Z,2021-10-12T04:00:00Z,2021-10-11,21,IRONMTN_2_N001,LMP,73.06253
2021-10-11T11:00:00Z,2021-10-11T12:00:00Z,2021-10-11,5,IRONMTN_2_N001,LMP,47.21631
2021-10-12T01:00:00Z,2021-10-12T02:00:00Z,2021-10-11,19,IRONMTN_2_N001,LMP,77.4155
2021-10-12T00:00:00Z,2021-10-12T01:00:00Z,2021-10-11,18,IRONMTN_2_N001,LMP,65.25149
2021-10-12T06:00:00Z,2021-10-12T07:00:00Z,2021-10-11,24,IRONMTN_2_N001,LMP,52.88446
2021-10-12T04:00:00Z,2021-10-12T05:00:00Z,2021-10-11,22,IRONMTN_2_N001,LMP,65.05893
2021-10-11T23:00:00Z,2021-10-12T00:00:00Z,2021-10-11,17,IRONMTN_2_N001,LMP,35.47474
2021-10-11T18:00:00Z,2021-10-11T19:00:00Z,2021-10-11,12,IRONMTN_2_N001,LMP,8.09627
2021-10-11T10:00:00Z,2021-10-11T11:00:00Z,2021-10-11,4,IRONMTN_2_N001,LMP,46.56792
2021-10-11T14:00:00Z,2021-10-11T15:00:00Z,2021-10-11,8,IRONMTN_2_N001,LMP,62.39399
2021-10-11T09:00:00Z,2021-10-11T10:00:00Z,2021-10-11,3,IRONMTN_2_N001,LMP,46.85155
2021-10-11T07:00:00Z,2021-10-11T08:00:00Z,2021-10-11,1,IRONMTN_2_N001,LMP,49.24801
2021-10-11T20:00:00Z,2021-10-11T21:00:00Z,2021-10-11,14,IRONMTN_2_N001,LMP,8.24025
2021-10-11T17:00:00Z,2021-10-11T18:00:00Z,2021-10-11,11,IRONMTN_2_N001,LMP,15.29465
2021-10-11T15:00:00Z,2021-10-11T16:00:00Z,2021-10-11,9,IRONMTN_2_N001,LMP,41.52135
2021-10-11T12:00:00Z,2021-10-11T13:00:00Z,2021-10-11,6,IRONMTN_2_N001,LMP,52.54518
2021-10-11T08:00:00Z,2021-10-11T09:00:00Z,2021-10-11,2,IRONMTN_2_N001,LMP,47.83767
2021-10-11T22:00:00Z,2021-10-11T23:00:00Z,2021-10-11,16,IRONMTN_2_N001,LMP,19.40348
2021-10-11T19:00:00Z,2021-10-11T20:00:00Z,2021-10-11,13,IRONMTN_2_N001,LMP,5.84927
2021-10-12T05:00:00Z,2021-10-12T06:00:00Z,2021-10-11,23,IRONMTN_2_N001,LMP,57.06224
2021-10-11T16:00:00Z,2021-10-11T17:00:00Z,2021-10-11,10,IRONMTN_2_N001,LMP,16.34898
2021-10-11T13:00:00Z,2021-10-11T14:00:00Z,2021-10-11,7,IRONMTN_2_N001,LMP,64.87944
2021-10-12T02:00:00Z,2021-10-12T03:00:00Z,2021-10-11,20,IRONMTN_2_N001,LMP,75.9597
2021-10-11T21:00:00Z,2021-10-11T22:00:00Z,2021-10-11,15,IRONMTN_2_N001,LMP,15.12044
2021-10-12T15:00:00Z,2021-10-12T16:00:00Z,2021-10-12,9,IRONMTN_2_N001,LMP,43.81996
2021-10-12T16:00:00Z,2021-10-12T17:00:00Z,2021-10-12,10,IRONMTN_2_N001,LMP,16.29294
2021-10-13T05:00:00Z,2021-10-13T06:00:00Z,2021-10-12,23,IRONMTN_2_N001,LMP,61.20975
2021-10-13T01:00:00Z,2021-10-13T02:00:00Z,2021-10-12,19,IRONMTN_2_N001,LMP,79.75778
2021-10-13T06:00:00Z,2021-10-13T07:00:00Z,2021-10-12,24,IRONMTN_2_N001,LMP,55.33907
2021-10-12T19:00:00Z,2021-10-12T20:00:00Z,2021-10-12,13,IRONMTN_2_N001,LMP,7.24307
2021-10-12T18:00:00Z,2021-10-12T19:00:00Z,2021-10-12,12,IRONMTN_2_N001,LMP,6.97628
2021-10-12T22:00:00Z,2021-10-12T23:00:00Z,2021-10-12,16,IRONMTN_2_N001,LMP,19.24995
2021-10-12T13:00:00Z,2021-10-12T14:00:00Z,2021-10-12,7,IRONMTN_2_N001,LMP,71.54576
2021-10-12T10:00:00Z,2021-10-12T11:00:00Z,2021-10-12,4,IRONMTN_2_N001,LMP,49.72066
2021-10-12T20:00:00Z,2021-10-12T21:00:00Z,2021-10-12,14,IRONMTN_2_N001,LMP,9.47647
2021-10-12T08:00:00Z,2021-10-12T09:00:00Z,2021-10-12,2,IRONMTN_2_N001,LMP,50.74747
2021-10-13T02:00:00Z,2021-10-13T03:00:00Z,2021-10-12,20,IRONMTN_2_N001,LMP,76.85678
2021-10-12T23:00:00Z,2021-10-13T00:00:00Z,2021-10-12,17,IRONMTN_2_N001,LMP,34.44099
2021-10-12T12:00:00Z,2021-10-12T13:00:00Z,2021-10-12,6,IRONMTN_2_N001,LMP,59.68115
2021-10-12T14:00:00Z,2021-10-12T15:00:00Z,2021-10-12,8,IRONMTN_2_N001,LMP,65.84324
2021-10-12T09:00:00Z,2021-10-12T10:00:00Z,2021-10-12,3,IRONMTN_2_N001,LMP,50.05652
2021-10-12T21:00:00Z,2021-10-12T22:00:00Z,2021-10-12,15,IRONMTN_2_N001,LMP,14.3525
2021-10-13T03:00:00Z,2021-10-13T04:00:00Z,2021-10-12,21,IRONMTN_2_N001,LMP,71.67783
2021-10-13T00:00:00Z,2021-10-13T01:00:00Z,2021-10-12,18,IRONMTN_2_N001,LMP,69.94215
2021-10-13T04:00:00Z,2021-10-13T05:00:00Z,2021-10-12,22,IRONMTN_2_N001,LMP,69.9826
2021-10-12T11:00:00Z,2021-10-12T12:00:00Z,2021-10-12,5,IRONMTN_2_N001,LMP,51.45476
2021-10-12T07:00:00Z,2021-10-12T08:00:00Z,2021-10-12,1,IRONMTN_2_N001,LMP,51.10407
2021-10-12T17:00:00Z,2021-10-12T18:00:00Z,2021-10-12,11,IRONMTN_2_N001,LMP,8.25914
2021-10-14T06:00:00Z,2021-10-14T07:00:00Z,2021-10-13,24,IRONMTN_2_N001,LMP,53.59893
2021-10-14T05:00:00Z,2021-10-14T06:00:00Z,2021-10-13,23,IRONMTN_2_N001,LMP,58.56
2021-10-13T17:00:00Z,2021-10-13T18:00:00Z,2021-10-13,11,IRONMTN_2_N001,LMP,22.09806
2021-10-13T13:00:00Z,2021-10-13T14:00:00Z,2021-10-13,7,IRONMTN_2_N001,LMP,71.41968
2021-10-13T14:00:00Z,2021-10-13T15:00:00Z,2021-10-13,8,IRONMTN_2_N001,LMP,71.60959
2021-10-13T18:00:00Z,2021-10-13T19:00:00Z,2021-10-13,12,IRONMTN_2_N001,LMP,19.45673
2021-10-13T07:00:00Z,2021-10-13T08:00:00Z,2021-10-13,1,IRONMTN_2_N001,LMP,47.78555
2021-10-14T03:00:00Z,2021-10-14T04:00:00Z,2021-10-13,21,IRONMTN_2_N001,LMP,64.0492
2021-10-13T16:00:00Z,2021-10-13T17:00:00Z,2021-10-13,10,IRONMTN_2_N001,LMP,34.20153
2021-10-13T15:00:00Z,2021-10-13T16:00:00Z,2021-10-13,9,IRONMTN_2_N001,LMP,50.89224
2021-10-14T00:00:00Z,2021-10-14T01:00:00Z,2021-10-13,18,IRONMTN_2_N001,LMP,68.87904
2021-10-13T09:00:00Z,2021-10-13T10:00:00Z,2021-10-13,3,IRONMTN_2_N001,LMP,48.43988
2021-10-13T12:00:00Z,2021-10-13T13:00:00Z,2021-10-13,6,IRONMTN_2_N001,LMP,59.01179
2021-10-14T01:00:00Z,2021-10-14T02:00:00Z,2021-10-13,19,IRONMTN_2_N001,LMP,80.59756
2021-10-14T02:00:00Z,2021-10-14T03:00:00Z,2021-10-13,20,IRONMTN_2_N001,LMP,75.2803
2021-10-13T22:00:00Z,2021-10-13T23:00:00Z,2021-10-13,16,IRONMTN_2_N001,LMP,23.32911
2021-10-13T10:00:00Z,2021-10-13T11:00:00Z,2021-10-13,4,IRONMTN_2_N001,LMP,48.34895
2021-10-13T19:00:00Z,2021-10-13T20:00:00Z,2021-10-13,13,IRONMTN_2_N001,LMP,18.7181
2021-10-13T20:00:00Z,2021-10-13T21:00:00Z,2021-10-13,14,IRONMTN_2_N001,LMP,19.05791
2021-10-13T21:00:00Z,2021-10-13T22:00:00Z,2021-10-13,15,IRONMTN_2_N001,LMP,21.96118
2021-10-13T23:00:00Z,2021-10-14T00:00:00Z,2021-10-13,17,IRONMTN_2_N001,LMP,35.59973
2021-10-13T08:00:00Z,2021-10-13T09:00:00Z,2021-10-13,2,IRONMTN_2_N001,LMP,49.68325
2021-10-13T11:00:00Z,2021-10-13T12:00:00Z,2021-10-13,5,IRONMTN_2_N001,LMP,49.05666
2021-10-14T04:00:00Z,2021-10-14T05:00:00Z,2021-10-13,22,IRONMTN_2_N001,LMP,67.71864
2021-10-15T06:00:00Z,2021-10-15T07:00:00Z,2021-10-14,24,IRONMTN_2_N001,LMP,58.7746
2021-10-15T00:00:00Z,2021-10-15T01:00:00Z,2021-10-14,18,IRONMTN_2_N001,LMP,77.96343
2021-10-15T03:00:00Z,2021-10-15T04:00:00Z,2021-10-14,21,IRONMTN_2_N001,LMP,77.95578
2021-10-15T05:00:00Z,2021-10-15T06:00:00Z,2021-10-14,23,IRONMTN_2_N001,LMP,66.43068
2021-10-14T18:00:00Z,2021-10-14T19:00:00Z,2021-10-14,12,IRONMTN_2_N001,LMP,20.96697
2021-10-14T21:00:00Z,2021-10-14T22:00:00Z,2021-10-14,15,IRONMTN_2_N001,LMP,27.58127
2021-10-14T07:00:00Z,2021-10-14T08:00:00Z,2021-10-14,1,IRONMTN_2_N001,LMP,49.36296
2021-10-14T12:00:00Z,2021-10-14T13:00:00Z,2021-10-14,6,IRONMTN_2_N001,LMP,58.98722
2021-10-14T13:00:00Z,2021-10-14T14:00:00Z,2021-10-14,7,IRONMTN_2_N001,LMP,75.29102
2021-10-14T19:00:00Z,2021-10-14T20:00:00Z,2021-10-14,13,IRONMTN_2_N001,LMP,19.55387
2021-10-15T04:00:00Z,2021-10-15T05:00:00Z,2021-10-14,22,IRONMTN_2_N001,LMP,73.92994
2021-10-14T16:00:00Z,2021-10-14T17:00:00Z,2021-10-14,10,IRONMTN_2_N001,LMP,34.41596
2021-10-14T20:00:00Z,2021-10-14T21:00:00Z,2021-10-14,14,IRONMTN_2_N001,LMP,22.4115
2021-10-14T08:00:00Z,2021-10-14T09:00:00Z,2021-10-14,2,IRONMTN_2_N001,LMP,50.62063
2021-10-15T01:00:00Z,2021-10-15T02:00:00Z,2021-10-14,19,IRONMTN_2_N001,LMP,92.70513
2021-10-14T15:00:00Z,2021-10-14T16:00:00Z,2021-10-14,9,IRONMTN_2_N001,LMP,56.39631
2021-10-14T22:00:00Z,2021-10-14T23:00:00Z,2021-10-14,16,IRONMTN_2_N001,LMP,34.46312
2021-10-14T09:00:00Z,2021-10-14T10:00:00Z,2021-10-14,3,IRONMTN_2_N001,LMP,49.57791
2021-10-15T02:00:00Z,2021-10-15T03:00:00Z,2021-10-14,20,IRONMTN_2_N001,LMP,87.12364
2021-10-14T14:00:00Z,2021-10-14T15:00:00Z,2021-10-14,8,IRONMTN_2_N001,LMP,74.24043
2021-10-14T17:00:00Z,2021-10-14T18:00:00Z,2021-10-14,11,IRONMTN_2_N001,LMP,23.87481
2021-10-14T23:00:00Z,2021-10-15T00:00:00Z,2021-10-14,17,IRONMTN_2_N001,LMP,49.27482
2021-10-14T10:00:00Z,2021-10-14T11:00:00Z,2021-10-14,4,IRONMTN_2_N001,LMP,50.22382
2021-10-14T11:00:00Z,2021-10-14T12:00:00Z,2021-10-14,5,IRONMTN_2_N001,LMP,53.43049
2021-10-16T05:00:00Z,2021-10-16T06:00:00Z,2021-10-15,23,IRONMTN_2_N001,LMP,66.46387
2021-10-15T11:00:00Z,2021-10-15T12:00:00Z,2021-10-15,5,IRONMTN_2_N001,LMP,51.86505
2021-10-15T16:00:00Z,2021-10-15T17:00:00Z,2021-10-15,10,IRONMTN_2_N001,LMP,32.03625
2021-10-15T12:00:00Z,2021-10-15T13:00:00Z,2021-10-15,6,IRONMTN_2_N001,LMP,58.06076
2021-10-15T21:00:00Z,2021-10-15T22:00:00Z,2021-10-15,15,IRONMTN_2_N001,LMP,38.76643
2021-10-15T19:00:00Z,2021-10-15T20:00:00Z,2021-10-15,13,IRONMTN_2_N001,LMP,24.61176
2021-10-15T18:00:00Z,2021-10-15T19:00:00Z,2021-10-15,12,IRONMTN_2_N001,LMP,23.94212
2021-10-16T00:00:00Z,2021-10-16T01:00:00Z,2021-10-15,18,IRONMTN_2_N001,LMP,79.98867
2021-10-15T10:00:00Z,2021-10-15T11:00:00Z,2021-10-15,4,IRONMTN_2_N001,LMP,52.42199
2021-10-15T09:00:00Z,2021-10-15T10:00:00Z,2021-10-15,3,IRONMTN_2_N001,LMP,51.42669
2021-10-15T20:00:00Z,2021-10-15T21:00:00Z,2021-10-15,14,IRONMTN_2_N001,LMP,33.08235
2021-10-16T03:00:00Z,2021-10-16T04:00:00Z,2021-10-15,21,IRONMTN_2_N001,LMP,65.32673
2021-10-15T13:00:00Z,2021-10-15T14:00:00Z,2021-10-15,7,IRONMTN_2_N001,LMP,73.09301
2021-10-16T06:00:00Z,2021-10-16T07:00:00Z,2021-10-15,24,IRONMTN_2_N001,LMP,61.51076
2021-10-16T01:00:00Z,2021-10-16T02:00:00Z,2021-10-15,19,IRONMTN_2_N001,LMP,96.88372
2021-10-15T17:00:00Z,2021-10-15T18:00:00Z,2021-10-15,11,IRONMTN_2_N001,LMP,25.81188
2021-10-15T14:00:00Z,2021-10-15T15:00:00Z,2021-10-15,8,IRONMTN_2_N001,LMP,69.58556
2021-10-16T02:00:00Z,2021-10-16T03:00:00Z,2021-10-15,20,IRONMTN_2_N001,LMP,84.38205
2021-10-15T07:00:00Z,2021-10-15T08:00:00Z,2021-10-15,1,IRONMTN_2_N001,LMP,52.28233
2021-10-15T23:00:00Z,2021-10-16T00:00:00Z,2021-10-15,17,IRONMTN_2_N001,LMP,44.34277
2021-10-15T15:00:00Z,2021-10-15T16:00:00Z,2021-10-15,9,IRONMTN_2_N001,LMP,51.15432
2021-10-16T04:00:00Z,2021-10-16T05:00:00Z,2021-10-15,22,IRONMTN_2_N001,LMP,73.10734
2021-10-15T22:00:00Z,2021-10-15T23:00:00Z,2021-10-15,16,IRONMTN_2_N001,LMP,47.04167
2021-10-15T08:00:00Z,2021-10-15T09:00:00Z,2021-10-15,2,IRONMTN_2_N001,LMP,52.29893
2021-10-16T15:00:00Z,2021-10-16T16:00:00Z,2021-10-16,9,IRONMTN_2_N001,LMP,44.64794
2021-10-16T19:00:00Z,2021-10-16T20:00:00Z,2021-10-16,13,IRONMTN_2_N001,LMP,16.65882
2021-10-16T20:00:00Z,2021-10-16T21:00:00Z,2021-10-16,14,IRONMTN_2_N001,LMP,26.97961
2021-10-16T17:00:00Z,2021-10-16T18:00:00Z,2021-10-16,11,IRONMTN_2_N001,LMP,15.23242
2021-10-16T08:00:00Z,2021-10-16T09:00:00Z,2021-10-16,2,IRONMTN_2_N001,LMP,56.05134
2021-10-16T07:00:00Z,2021-10-16T08:00:00Z,2021-10-16,1,IRONMTN_2_N001,LMP,59.66917
2021-10-17T03:00:00Z,2021-10-17T04:00:00Z,2021-10-16,21,IRONMTN_2_N001,LMP,64.9093
2021-10-17T02:00:00Z,2021-10-17T03:00:00Z,2021-10-16,20,IRONMTN_2_N001,LMP,71.10176
2021-10-16T23:00:00Z,2021-10-17T00:00:00Z,2021-10-16,17,IRONMTN_2_N001,LMP,40.96263
2021-10-16T10:00:00Z,2021-10-16T11:00:00Z,2021-10-16,4,IRONMTN_2_N001,LMP,51.41439
2021-10-16T21:00:00Z,2021-10-16T22:00:00Z,2021-10-16,15,IRONMTN_2_N001,LMP,31.34983
2021-10-16T18:00:00Z,2021-10-16T19:00:00Z,2021-10-16,12,IRONMTN_2_N001,LMP,14.69055
2021-10-16T16:00:00Z,2021-10-16T17:00:00Z,2021-10-16,10,IRONMTN_2_N001,LMP,21.34658
2021-10-16T14:00:00Z,2021-10-16T15:00:00Z,2021-10-16,8,IRONMTN_2_N001,LMP,63.86294
2021-10-17T05:00:00Z,2021-10-17T06:00:00Z,2021-10-16,23,IRONMTN_2_N001,LMP,66.71025
2021-10-16T11:00:00Z,2021-10-16T12:00:00Z,2021-10-16,5,IRONMTN_2_N001,LMP,56.2789
2021-10-17T00:00:00Z,2021-10-17T01:00:00Z,2021-10-16,18,IRONMTN_2_N001,LMP,70.79537
2021-10-17T06:00:00Z,2021-10-17T07:00:00Z,2021-10-16,24,IRONMTN_2_N001,LMP,61.61009
2021-10-17T04:00:00Z,2021-10-17T05:00:00Z,2021-10-16,22,IRONMTN_2_N001,LMP,73.10404
2021-10-16T13:00:00Z,2021-10-16T14:00:00Z,2021-10-16,7,IRONMTN_2_N001,LMP,67.04836
2021-10-17T01:00:00Z,2021-10-17T02:00:00Z,2021-10-16,19,IRONMTN_2_N001,LMP,88.42792
2021-10-16T12:00:00Z,2021-10-16T13:00:00Z,2021-10-16,6,IRONMTN_2_N001,LMP,60.66396
2021-10-16T09:00:00Z,2021-10-16T10:00:00Z,2021-10-16,3,IRONMTN_2_N001,LMP,52.45605
2021-10-16T22:00:00Z,2021-10-16T23:00:00Z,2021-10-16,16,IRONMTN_2_N001,LMP,45.31813
2021-10-17T22:00:00Z,2021-10-17T23:00:00Z,2021-10-17,16,IRONMTN_2_N001,LMP,25.28356
2021-10-18T05:00:00Z,2021-10-18T06:00:00Z,2021-10-17,23,IRONMTN_2_N001,LMP,62.25
2021-10-18T03:00:00Z,2021-10-18T04:00:00Z,2021-10-17,21,IRONMTN_2_N001,LMP,68.55709
2021-10-17T13:00:00Z,2021-10-17T14:00:00Z,2021-10-17,7,IRONMTN_2_N001,LMP,60.95428
2021-10-18T01:00:00Z,2021-10-18T02:00:00Z,2021-10-17,19,IRONMTN_2_N001,LMP,80.28446
2021-10-17T10:00:00Z,2021-10-17T11:00:00Z,2021-10-17,4,IRONMTN_2_N001,LMP,54.0921
2021-10-17T17:00:00Z,2021-10-17T18:00:00Z,2021-10-17,11,IRONMTN_2_N001,LMP,21.41258
2021-10-17T14:00:00Z,2021-10-17T15:00:00Z,2021-10-17,8,IRONMTN_2_N001,LMP,57.01761
2021-10-18T04:00:00Z,2021-10-18T05:00:00Z,2021-10-17,22,IRONMTN_2_N001,LMP,67.52
2021-10-17T07:00:00Z,2021-10-17T08:00:00Z,2021-10-17,1,IRONMTN_2_N001,LMP,63.23129
2021-10-17T21:00:00Z,2021-10-17T22:00:00Z,2021-10-17,15,IRONMTN_2_N001,LMP,15.02393
2021-10-17T11:00:00Z,2021-10-17T12:00:00Z,2021-10-17,5,IRONMTN_2_N001,LMP,53.6478
2021-10-18T06:00:00Z,2021-10-18T07:00:00Z,2021-10-17,24,IRONMTN_2_N001,LMP,55.80016
2021-10-18T02:00:00Z,2021-10-18T03:00:00Z,2021-10-17,20,IRONMTN_2_N001,LMP,75.61462
2021-10-18T00:00:00Z,2021-10-18T01:00:00Z,2021-10-17,18,IRONMTN_2_N001,LMP,68.11448
2021-10-17T08:00:00Z,2021-10-17T09:00:00Z,2021-10-17,2,IRONMTN_2_N001,LMP,62.05583
2021-10-17T15:00:00Z,2021-10-17T16:00:00Z,2021-10-17,9,IRONMTN_2_N001,LMP,46.96084
2021-10-17T20:00:00Z,2021-10-17T21:00:00Z,2021-10-17,14,IRONMTN_2_N001,LMP,12.55285
2021-10-17T19:00:00Z,2021-10-17T20:00:00Z,2021-10-17,13,IRONMTN_2_N001,LMP,12.39765
2021-10-17T18:00:00Z,2021-10-17T19:00:00Z,2021-10-17,12,IRONMTN_2_N001,LMP,15.26819
2021-10-17T16:00:00Z,2021-10-17T17:00:00Z,2021-10-17,10,IRONMTN_2_N001,LMP,29.58882
2021-10-17T12:00:00Z,2021-10-17T13:00:00Z,2021-10-17,6,IRONMTN_2_N001,LMP,55.00032
2021-10-17T23:00:00Z,2021-10-18T00:00:00Z,2021-10-17,17,IRONMTN_2_N001,LMP,37.64253
2021-10-17T09:00:00Z,2021-10-17T10:00:00Z,2021-10-17,3,IRONMTN_2_N001,LMP,55.05303
2021-10-18T11:00:00Z,2021-10-18T12:00:00Z,2021-10-18,5,IRONMTN_2_N001,LMP,49.7456
2021-10-18T18:00:00Z,2021-10-18T19:00:00Z,2021-10-18,12,IRONMTN_2_N001,LMP,20.86974
2021-10-19T04:00:00Z,2021-10-19T05:00:00Z,2021-10-18,22,IRONMTN_2_N001,LMP,65.358
2021-10-18T16:00:00Z,2021-10-18T17:00:00Z,2021-10-18,10,IRONMTN_2_N001,LMP,38.68351
2021-10-18T07:00:00Z,2021-10-18T08:00:00Z,2021-10-18,1,IRONMTN_2_N001,LMP,51.27919
2021-10-18T09:00:00Z,2021-10-18T10:00:00Z,2021-10-18,3,IRONMTN_2_N001,LMP,47.65746
2021-10-19T05:00:00Z,2021-10-19T06:00:00Z,2021-10-18,23,IRONMTN_2_N001,LMP,70.45701
2021-10-18T08:00:00Z,2021-10-18T09:00:00Z,2021-10-18,2,IRONMTN_2_N001,LMP,49.31118
2021-10-18T10:00:00Z,2021-10-18T11:00:00Z,2021-10-18,4,IRONMTN_2_N001,LMP,48.33437
2021-10-18T22:00:00Z,2021-10-18T23:00:00Z,2021-10-18,16,IRONMTN_2_N001,LMP,29.81073
2021-10-18T21:00:00Z,2021-10-18T22:00:00Z,2021-10-18,15,IRONMTN_2_N001,LMP,18.37266
2021-10-18T20:00:00Z,2021-10-18T21:00:00Z,2021-10-18,14,IRONMTN_2_N001,LMP,10.5999
2021-10-19T01:00:00Z,2021-10-19T02:00:00Z,2021-10-18,19,IRONMTN_2_N001,LMP,89.6538
2021-10-18T12:00:00Z,2021-10-18T13:00:00Z,2021-10-18,6,IRONMTN_2_N001,LMP,55.94908
2021-10-19T03:00:00Z,2021-10-19T04:00:00Z,2021-10-18,21,IRONMTN_2_N001,LMP,70.00099
2021-10-18T14:00:00Z,2021-10-18T15:00:00Z,2021-10-18,8,IRONMTN_2_N001,LMP,71.71561
2021-10-19T06:00:00Z,2021-10-19T07:00:00Z,2021-10-18,24,IRONMTN_2_N001,LMP,63.64432
2021-10-18T13:00:00Z,2021-10-18T14:00:00Z,2021-10-18,7,IRONMTN_2_N001,LMP,70.94346
2021-10-18T15:00:00Z,2021-10-18T16:00:00Z,2021-10-18,9,IRONMTN_2_N001,LMP,55.7065
2021-10-19T00:00:00Z,2021-10-19T01:00:00Z,2021-10-18,18,IRONMTN_2_N001,LMP,76.64435
2021-10-19T02:00:00Z,2021-10-19T03:00:00Z,2021-10-18,20,IRONMTN_2_N001,LMP,84.2164
2021-10-18T23:00:00Z,2021-10-19T00:00:00Z,2021-10-18,17,IRONMTN_2_N001,LMP,47.86458
2021-10-18T19:00:00Z,2021-10-18T20:00:00Z,2021-10-18,13,IRONMTN_2_N001,LMP,13.94923
2021-10-18T17:00:00Z,2021-10-18T18:00:00Z,2021-10-18,11,IRONMTN_2_N001,LMP,21.97599
2021-10-19T10:00:00Z,2021-10-19T11:00:00Z,2021-10-19,4,IRONMTN_2_N001,LMP,58.096
2021-10-19T23:00:00Z,2021-10-20T00:00:00Z,2021-10-19,17,IRONMTN_2_N001,LMP,57.89
2021-10-19T16:00:00Z,2021-10-19T17:00:00Z,2021-10-19,10,IRONMTN_2_N001,LMP,43.87567
2021-10-19T18:00:00Z,2021-10-19T19:00:00Z,2021-10-19,12,IRONMTN_2_N001,LMP,35.65164
2021-10-19T11:00:00Z,2021-10-19T12:00:00Z,2021-10-19,5,IRONMTN_2_N001,LMP,64.98
2021-10-20T06:00:00Z,2021-10-20T07:00:00Z,2021-10-19,24,IRONMTN_2_N001,LMP,66.77949
2021-10-19T13:00:00Z,2021-10-19T14:00:00Z,2021-10-19,7,IRONMTN_2_N001,LMP,82.21153
2021-10-19T20:00:00Z,2021-10-19T21:00:00Z,2021-10-19,14,IRONMTN_2_N001,LMP,29.41858
2021-10-19T09:00:00Z,2021-10-19T10:00:00Z,2021-10-19,3,IRONMTN_2_N001,LMP,58.17683
2021-10-20T03:00:00Z,2021-10-20T04:00:00Z,2021-10-19,21,IRONMTN_2_N001,LMP,87.33
2021-10-19T14:00:00Z,2021-10-19T15:00:00Z,2021-10-19,8,IRONMTN_2_N001,LMP,87.14
2021-10-19T17:00:00Z,2021-10-19T18:00:00Z,2021-10-19,11,IRONMTN_2_N001,LMP,37.18435
2021-10-20T00:00:00Z,2021-10-20T01:00:00Z,2021-10-19,18,IRONMTN_2_N001,LMP,81.94988
2021-10-20T02:00:00Z,2021-10-20T03:00:00Z,2021-10-19,20,IRONMTN_2_N001,LMP,95.93
2021-10-19T07:00:00Z,2021-10-19T08:00:00Z,2021-10-19,1,IRONMTN_2_N001,LMP,62.04259
2021-10-19T12:00:00Z,2021-10-19T13:00:00Z,2021-10-19,6,IRONMTN_2_N001,LMP,69.53
2021-10-19T19:00:00Z,2021-10-19T20:00:00Z,2021-10-19,13,IRONMTN_2_N001,LMP,29.70651
2021-10-20T01:00:00Z,2021-10-20T02:00:00Z,2021-10-19,19,IRONMTN_2_N001,LMP,107.86914
2021-10-20T04:00:00Z,2021-10-20T05:00:00Z,2021-10-19,22,IRONMTN_2_N001,LMP,81.61
2021-10-19T21:00:00Z,2021-10-19T22:00:00Z,2021-10-19,15,IRONMTN_2_N001,LMP,32.89588
2021-10-19T08:00:00Z,2021-10-19T09:00:00Z,2021-10-19,2,IRONMTN_2_N001,LMP,59.067
2021-10-19T15:00:00Z,2021-10-19T16:00:00Z,2021-10-19,9,IRONMTN_2_N001,LMP,63.01475
2021-10-19T22:00:00Z,2021-10-19T23:00:00Z,2021-10-19,16,IRONMTN_2_N001,LMP,40.89022
2021-10-20T05:00:00Z,2021-10-20T06:00:00Z,2021-10-19,23,IRONMTN_2_N001,LMP,71.71013
2021-10-21T00:00:00Z,2021-10-21T01:00:00Z,2021-10-20,18,IRONMTN_2_N001,LMP,81.58749
2021-10-20T09:00:00Z,2021-10-20T10:00:00Z,2021-10-20,3,IRONMTN_2_N001,LMP,54.13848
2021-10-20T07:00:00Z,2021-10-20T08:00:00Z,2021-10-20,1,IRONMTN_2_N001,LMP,57
2021-10-20T08:00:00Z,2021-10-20T09:00:00Z,2021-10-20,2,IRONMTN_2_N001,LMP,55.13331
2021-10-21T01:00:00Z,2021-10-21T02:00:00Z,2021-10-20,19,IRONMTN_2_N001,LMP,99.37051
2021-10-20T17:00:00Z,2021-10-20T18:00:00Z,2021-10-20,11,IRONMTN_2_N001,LMP,41.72207
2021-10-20T23:00:00Z,2021-10-21T00:00:00Z,2021-10-20,17,IRONMTN_2_N001,LMP,55.09652
2021-10-20T18:00:00Z,2021-10-20T19:00:00Z,2021-10-20,12,IRONMTN_2_N001,LMP,36.09849
2021-10-20T11:00:00Z,2021-10-20T12:00:00Z,2021-10-20,5,IRONMTN_2_N001,LMP,55.93
2021-10-20T19:00:00Z,2021-10-20T20:00:00Z,2021-10-20,13,IRONMTN_2_N001,LMP,38.09763
2021-10-21T05:00:00Z,2021-10-21T06:00:00Z,2021-10-20,23,IRONMTN_2_N001,LMP,68.28316
2021-10-20T13:00:00Z,2021-10-20T14:00:00Z,2021-10-20,7,IRONMTN_2_N001,LMP,76.35943
2021-10-21T02:00:00Z,2021-10-21T03:00:00Z,2021-10-20,20,IRONMTN_2_N001,LMP,87.24
2021-10-20T14:00:00Z,2021-10-20T15:00:00Z,2021-10-20,8,IRONMTN_2_N001,LMP,74.75654
2021-10-21T06:00:00Z,2021-10-21T07:00:00Z,2021-10-20,24,IRONMTN_2_N001,LMP,63.98
2021-10-20T10:00:00Z,2021-10-20T11:00:00Z,2021-10-20,4,IRONMTN_2_N001,LMP,54
2021-10-20T22:00:00Z,2021-10-20T23:00:00Z,2021-10-20,16,IRONMTN_2_N001,LMP,44.23781
2021-10-20T21:00:00Z,2021-10-20T22:00:00Z,2021-10-20,15,IRONMTN_2_N001,LMP,38.77119
2021-10-21T04:00:00Z,2021-10-21T05:00:00Z,2021-10-20,22,IRONMTN_2_N001,LMP,76.8
2021-10-20T20:00:00Z,2021-10-20T21:00:00Z,2021-10-20,14,IRONMTN_2_N001,LMP,37.99099
2021-10-20T16:00:00Z,2021-10-20T17:00:00Z,2021-10-20,10,IRONMTN_2_N001,LMP,45.41679
2021-10-20T15:00:00Z,2021-10-20T16:00:00Z,2021-10-20,9,IRONMTN_2_N001,LMP,57.50719
2021-10-21T03:00:00Z,2021-10-21T04:00:00Z,2021-10-20,21,IRONMTN_2_N001,LMP,80.26
2021-10-20T12:00:00Z,2021-10-20T13:00:00Z,2021-10-20,6,IRONMTN_2_N001,LMP,63.99
2021-10-22T03:00:00Z,2021-10-22T04:00:00Z,2021-10-21,21,IRONMTN_2_N001,LMP,72.89656
2021-10-21T13:00:00Z,2021-10-21T14:00:00Z,2021-10-21,7,IRONMTN_2_N001,LMP,77.27102
2021-10-21T07:00:00Z,2021-10-21T08:00:00Z,2021-10-21,1,IRONMTN_2_N001,LMP,52.85566
2021-10-22T04:00:00Z,2021-10-22T05:00:00Z,2021-10-21,22,IRONMTN_2_N001,LMP,68.57368
2021-10-21T08:00:00Z,2021-10-21T09:00:00Z,2021-10-21,2,IRONMTN_2_N001,LMP,54.02834
2021-10-21T14:00:00Z,2021-10-21T15:00:00Z,2021-10-21,8,IRONMTN_2_N001,LMP,80.88715
2021-10-21T21:00:00Z,2021-10-21T22:00:00Z,2021-10-21,15,IRONMTN_2_N001,LMP,45.01809
2021-10-22T00:00:00Z,2021-10-22T01:00:00Z,2021-10-21,18,IRONMTN_2_N001,LMP,85.94125
2021-10-21T10:00:00Z,2021-10-21T11:00:00Z,2021-10-21,4,IRONMTN_2_N001,LMP,53.55644
2021-10-21T11:00:00Z,2021-10-21T12:00:00Z,2021-10-21,5,IRONMTN_2_N001,LMP,55.13
2021-10-21T19:00:00Z,2021-10-21T20:00:00Z,2021-10-21,13,IRONMTN_2_N001,LMP,38.53794
2021-10-22T01:00:00Z,2021-10-22T02:00:00Z,2021-10-21,19,IRONMTN_2_N001,LMP,99.44361
2021-10-21T12:00:00Z,2021-10-21T13:00:00Z,2021-10-21,6,IRONMTN_2_N001,LMP,64.76193
2021-10-22T02:00:00Z,2021-10-22T03:00:00Z,2021-10-21,20,IRONMTN_2_N001,LMP,82.6883
2021-10-22T06:00:00Z,2021-10-22T07:00:00Z,2021-10-21,24,IRONMTN_2_N001,LMP,58.43936
2021-10-21T16:00:00Z,2021-10-21T17:00:00Z,2021-10-21,10,IRONMTN_2_N001,LMP,46.49216
2021-10-21T09:00:00Z,2021-10-21T10:00:00Z,2021-10-21,3,IRONMTN_2_N001,LMP,53.36
2021-10-22T05:00:00Z,2021-10-22T06:00:00Z,2021-10-21,23,IRONMTN_2_N001,LMP,62.37897
2021-10-21T17:00:00Z,2021-10-21T18:00:00Z,2021-10-21,11,IRONMTN_2_N001,LMP,41.12807
2021-10-21T18:00:00Z,2021-10-21T19:00:00Z,2021-10-21,12,IRONMTN_2_N001,LMP,38.42905
2021-10-21T22:00:00Z,2021-10-21T23:00:00Z,2021-10-21,16,IRONMTN_2_N001,LMP,52.79381
2021-10-21T23:00:00Z,2021-10-22T00:00:00Z,2021-10-21,17,IRONMTN_2_N001,LMP,54.54304
2021-10-21T15:00:00Z,2021-10-21T16:00:00Z,2021-10-21,9,IRONMTN_2_N001,LMP,55.10562
2021-10-21T20:00:00Z,2021-10-21T21:00:00Z,2021-10-21,14,IRONMTN_2_N001,LMP,42.28132
2021-10-22T08:00:00Z,2021-10-22T09:00:00Z,2021-10-22,2,IRONMTN_2_N001,LMP,55.13
2021-10-23T01:00:00Z,2021-10-23T02:00:00Z,2021-10-22,19,IRONMTN_2_N001,LMP,79.13753
2021-10-22T15:00:00Z,2021-10-22T16:00:00Z,2021-10-22,9,IRONMTN_2_N001,LMP,53.71008
2021-10-22T14:00:00Z,2021-10-22T15:00:00Z,2021-10-22,8,IRONMTN_2_N001,LMP,79.93
2021-10-22T18:00:00Z,2021-10-22T19:00:00Z,2021-10-22,12,IRONMTN_2_N001,LMP,39.14884
2021-10-22T10:00:00Z,2021-10-22T11:00:00Z,2021-10-22,4,IRONMTN_2_N001,LMP,52.28552
2021-10-22T13:00:00Z,2021-10-22T14:00:00Z,2021-10-22,7,IRONMTN_2_N001,LMP,72.23112
2021-10-23T05:00:00Z,2021-10-23T06:00:00Z,2021-10-22,23,IRONMTN_2_N001,LMP,62.11
2021-10-22T16:00:00Z,2021-10-22T17:00:00Z,2021-10-22,10,IRONMTN_2_N001,LMP,46.27801
2021-10-22T11:00:00Z,2021-10-22T12:00:00Z,2021-10-22,5,IRONMTN_2_N001,LMP,54.47672
2021-10-23T03:00:00Z,2021-10-23T04:00:00Z,2021-10-22,21,IRONMTN_2_N001,LMP,66.73933
2021-10-22T17:00:00Z,2021-10-22T18:00:00Z,2021-10-22,11,IRONMTN_2_N001,LMP,39.05358
2021-10-23T04:00:00Z,2021-10-23T05:00:00Z,2021-10-22,22,IRONMTN_2_N001,LMP,64.12383
2021-10-22T19:00:00Z,2021-10-22T20:00:00Z,2021-10-22,13,IRONMTN_2_N001,LMP,32.57851
2021-10-22T23:00:00Z,2021-10-23T00:00:00Z,2021-10-22,17,IRONMTN_2_N001,LMP,47.86615
2021-10-23T02:00:00Z,2021-10-23T03:00:00Z,2021-10-22,20,IRONMTN_2_N001,LMP,69.92476
2021-10-22T20:00:00Z,2021-10-22T21:00:00Z,2021-10-22,14,IRONMTN_2_N001,LMP,31.25913
2021-10-22T21:00:00Z,2021-10-22T22:00:00Z,2021-10-22,15,IRONMTN_2_N001,LMP,31.5498
2021-10-22T09:00:00Z,2021-10-22T10:00:00Z,2021-10-22,3,IRONMTN_2_N001,LMP,52.5885
2021-10-22T12:00:00Z,2021-10-22T13:00:00Z,2021-10-22,6,IRONMTN_2_N001,LMP,63.66
2021-10-23T06:00:00Z,2021-10-23T07:00:00Z,2021-10-22,24,IRONMTN_2_N001,LMP,56.28385
2021-10-22T22:00:00Z,2021-10-22T23:00:00Z,2021-10-22,16,IRONMTN_2_N001,LMP,35.33895
2021-10-22T07:00:00Z,2021-10-22T08:00:00Z,2021-10-22,1,IRONMTN_2_N001,LMP,59.6
2021-10-23T00:00:00Z,2021-10-23T01:00:00Z,2021-10-22,18,IRONMTN_2_N001,LMP,68.52028
2021-10-23T10:00:00Z,2021-10-23T11:00:00Z,2021-10-23,4,IRONMTN_2_N001,LMP,49.40926
2021-10-23T23:00:00Z,2021-10-24T00:00:00Z,2021-10-23,17,IRONMTN_2_N001,LMP,38.62381
2021-10-24T00:00:00Z,2021-10-24T01:00:00Z,2021-10-23,18,IRONMTN_2_N001,LMP,68
2021-10-23T14:00:00Z,2021-10-23T15:00:00Z,2021-10-23,8,IRONMTN_2_N001,LMP,54.72091
2021-10-23T16:00:00Z,2021-10-23T17:00:00Z,2021-10-23,10,IRONMTN_2_N001,LMP,31.40315
2021-10-23T19:00:00Z,2021-10-23T20:00:00Z,2021-10-23,13,IRONMTN_2_N001,LMP,15.71543
2021-10-23T21:00:00Z,2021-10-23T22:00:00Z,2021-10-23,15,IRONMTN_2_N001,LMP,12.46033
2021-10-23T13:00:00Z,2021-10-23T14:00:00Z,2021-10-23,7,IRONMTN_2_N001,LMP,60.54135
2021-10-24T04:00:00Z,2021-10-24T05:00:00Z,2021-10-23,22,IRONMTN_2_N001,LMP,67.64
2021-10-23T22:00:00Z,2021-10-23T23:00:00Z,2021-10-23,16,IRONMTN_2_N001,LMP,20.81363
2021-10-23T09:00:00Z,2021-10-23T10:00:00Z,2021-10-23,3,IRONMTN_2_N001,LMP,49.10012
2021-10-23T11:00:00Z,2021-10-23T12:00:00Z,2021-10-23,5,IRONMTN_2_N001,LMP,49.36721
2021-10-24T03:00:00Z,2021-10-24T04:00:00Z,2021-10-23,21,IRONMTN_2_N001,LMP,60.22446
2021-10-24T01:00:00Z,2021-10-24T02:00:00Z,2021-10-23,19,IRONMTN_2_N001,LMP,78.71963
2021-10-23T08:00:00Z,2021-10-23T09:00:00Z,2021-10-23,2,IRONMTN_2_N001,LMP,52.36095
2021-10-23T12:00:00Z,2021-10-23T13:00:00Z,2021-10-23,6,IRONMTN_2_N001,LMP,52.10997
2021-10-24T05:00:00Z,2021-10-24T06:00:00Z,2021-10-23,23,IRONMTN_2_N001,LMP,63
2021-10-23T17:00:00Z,2021-10-23T18:00:00Z,2021-10-23,11,IRONMTN_2_N001,LMP,21.61048
2021-10-23T20:00:00Z,2021-10-23T21:00:00Z,2021-10-23,14,IRONMTN_2_N001,LMP,13.38635
2021-10-24T02:00:00Z,2021-10-24T03:00:00Z,2021-10-23,20,IRONMTN_2_N001,LMP,71
2021-10-24T06:00:00Z,2021-10-24T07:00:00Z,2021-10-23,24,IRONMTN_2_N001,LMP,57.94952
2021-10-23T15:00:00Z,2021-10-23T16:00:00Z,2021-10-23,9,IRONMTN_2_N001,LMP,45.57629
2021-10-23T07:00:00Z,2021-10-23T08:00:00Z,2021-10-23,1,IRONMTN_2_N001,LMP,56.95114
2021-10-23T18:00:00Z,2021-10-23T19:00:00Z,2021-10-23,12,IRONMTN_2_N001,LMP,16.04503
2021-10-24T14:00:00Z,2021-10-24T15:00:00Z,2021-10-24,8,IRONMTN_2_N001,LMP,52.22929
2021-10-24T10:00:00Z,2021-10-24T11:00:00Z,2021-10-24,4,IRONMTN_2_N001,LMP,47.1323
2021-10-25T00:00:00Z,2021-10-25T01:00:00Z,2021-10-24,18,IRONMTN_2_N001,LMP,67.1313
2021-10-25T01:00:00Z,2021-10-25T02:00:00Z,2021-10-24,19,IRONMTN_2_N001,LMP,78.06972
2021-10-25T02:00:00Z,2021-10-25T03:00:00Z,2021-10-24,20,IRONMTN_2_N001,LMP,74.05351
2021-10-25T06:00:00Z,2021-10-25T07:00:00Z,2021-10-24,24,IRONMTN_2_N001,LMP,54.90077
2021-10-25T03:00:00Z,2021-10-25T04:00:00Z,2021-10-24,21,IRONMTN_2_N001,LMP,65.50435
2021-10-25T04:00:00Z,2021-10-25T05:00:00Z,2021-10-24,22,IRONMTN_2_N001,LMP,65.69598
2021-10-24T17:00:00Z,2021-10-24T18:00:00Z,2021-10-24,11,IRONMTN_2_N001,LMP,30.57329
2021-10-24T23:00:00Z,2021-10-25T00:00:00Z,2021-10-24,17,IRONMTN_2_N001,LMP,46.49664
2021-10-24T09:00:00Z,2021-10-24T10:00:00Z,2021-10-24,3,IRONMTN_2_N001,LMP,46.3949
2021-10-24T20:00:00Z,2021-10-24T21:00:00Z,2021-10-24,14,IRONMTN_2_N001,LMP,25.55163
2021-10-24T11:00:00Z,2021-10-24T12:00:00Z,2021-10-24,5,IRONMTN_2_N001,LMP,47.7644
2021-10-25T05:00:00Z,2021-10-25T06:00:00Z,2021-10-24,23,IRONMTN_2_N001,LMP,59.89725
2021-10-24T13:00:00Z,2021-10-24T14:00:00Z,2021-10-24,7,IRONMTN_2_N001,LMP,57.2637
2021-10-24T15:00:00Z,2021-10-24T16:00:00Z,2021-10-24,9,IRONMTN_2_N001,LMP,45.96975
2021-10-24T12:00:00Z,2021-10-24T13:00:00Z,2021-10-24,6,IRONMTN_2_N001,LMP,52.97962
2021-10-24T16:00:00Z,2021-10-24T17:00:00Z,2021-10-24,10,IRONMTN_2_N001,LMP,34.24194
2021-10-24T08:00:00Z,2021-10-24T09:00:00Z,2021-10-24,2,IRONMTN_2_N001,LMP,48.13712
2021-10-24T18:00:00Z,2021-10-24T19:00:00Z,2021-10-24,12,IRONMTN_2_N001,LMP,25.75325
2021-10-24T21:00:00Z,2021-10-24T22:00:00Z,2021-10-24,15,IRONMTN_2_N001,LMP,26.80103
2021-10-24T22:00:00Z,2021-10-24T23:00:00Z,2021-10-24,16,IRONMTN_2_N001,LMP,37.16657
2021-10-24T07:00:00Z,2021-10-24T08:00:00Z,2021-10-24,1,IRONMTN_2_N001,LMP,49.94696
2021-10-24T19:00:00Z,2021-10-24T20:00:00Z,2021-10-24,13,IRONMTN_2_N001,LMP,23.46703
2021-10-25T17:00:00Z,2021-10-25T18:00:00Z,2021-10-25,11,IRONMTN_2_N001,LMP,55.0172
2021-10-25T14:00:00Z,2021-10-25T15:00:00Z,2021-10-25,8,IRONMTN_2_N001,LMP,71.96763
2021-10-26T03:00:00Z,2021-10-26T04:00:00Z,2021-10-25,21,IRONMTN_2_N001,LMP,62.88009
2021-10-26T04:00:00Z,2021-10-26T05:00:00Z,2021-10-25,22,IRONMTN_2_N001,LMP,66.5219
2021-10-26T06:00:00Z,2021-10-26T07:00:00Z,2021-10-25,24,IRONMTN_2_N001,LMP,57.2463
2021-10-25T11:00:00Z,2021-10-25T12:00:00Z,2021-10-25,5,IRONMTN_2_N001,LMP,51.58146
2021-10-25T08:00:00Z,2021-10-25T09:00:00Z,2021-10-25,2,IRONMTN_2_N001,LMP,50.30647
2021-10-25T13:00:00Z,2021-10-25T14:00:00Z,2021-10-25,7,IRONMTN_2_N001,LMP,62.46764
2021-10-25T16:00:00Z,2021-10-25T17:00:00Z,2021-10-25,10,IRONMTN_2_N001,LMP,56.68125
2021-10-25T19:00:00Z,2021-10-25T20:00:00Z,2021-10-25,13,IRONMTN_2_N001,LMP,48.99324
2021-10-25T09:00:00Z,2021-10-25T10:00:00Z,2021-10-25,3,IRONMTN_2_N001,LMP,49.14778
2021-10-25T15:00:00Z,2021-10-25T16:00:00Z,2021-10-25,9,IRONMTN_2_N001,LMP,57.38891
2021-10-25T23:00:00Z,2021-10-26T00:00:00Z,2021-10-25,17,IRONMTN_2_N001,LMP,53.94224
2021-10-25T12:00:00Z,2021-10-25T13:00:00Z,2021-10-25,6,IRONMTN_2_N001,LMP,54.23231
2021-10-25T20:00:00Z,2021-10-25T21:00:00Z,2021-10-25,14,IRONMTN_2_N001,LMP,48.66538
2021-10-25T21:00:00Z,2021-10-25T22:00:00Z,2021-10-25,15,IRONMTN_2_N001,LMP,48.70141
2021-10-25T18:00:00Z,2021-10-25T19:00:00Z,2021-10-25,12,IRONMTN_2_N001,LMP,51.25164
2021-10-25T22:00:00Z,2021-10-25T23:00:00Z,2021-10-25,16,IRONMTN_2_N001,LMP,51.02178
2021-10-26T02:00:00Z,2021-10-26T03:00:00Z,2021-10-25,20,IRONMTN_2_N001,LMP,71.40356
2021-10-26T05:00:00Z,2021-10-26T06:00:00Z,2021-10-25,23,IRONMTN_2_N001,LMP,61.96333
2021-10-25T10:00:00Z,2021-10-25T11:00:00Z,2021-10-25,4,IRONMTN_2_N001,LMP,50.02218
2021-10-26T00:00:00Z,2021-10-26T01:00:00Z,2021-10-25,18,IRONMTN_2_N001,LMP,69.39116
2021-10-26T01:00:00Z,2021-10-26T02:00:00Z,2021-10-25,19,IRONMTN_2_N001,LMP,74.17154
2021-10-25T07:00:00Z,2021-10-25T08:00:00Z,2021-10-25,1,IRONMTN_2_N001,LMP,53.60093
2021-10-26T20:00:00Z,2021-10-26T21:00:00Z,2021-10-26,14,IRONMTN_2_N001,LMP,22.56838
2021-10-27T00:00:00Z,2021-10-27T01:00:00Z,2021-10-26,18,IRONMTN_2_N001,LMP,76.49744
2021-10-26T10:00:00Z,2021-10-26T11:00:00Z,2021-10-26,4,IRONMTN_2_N001,LMP,52.46416
2021-10-26T15:00:00Z,2021-10-26T16:00:00Z,2021-10-26,9,IRONMTN_2_N001,LMP,56.22505
2021-10-27T06:00:00Z,2021-10-27T07:00:00Z,2021-10-26,24,IRONMTN_2_N001,LMP,61.16541
2021-10-26T21:00:00Z,2021-10-26T22:00:00Z,2021-10-26,15,IRONMTN_2_N001,LMP,24.54251
2021-10-26T17:00:00Z,2021-10-26T18:00:00Z,2021-10-26,11,IRONMTN_2_N001,LMP,26.55405
2021-10-26T18:00:00Z,2021-10-26T19:00:00Z,2021-10-26,12,IRONMTN_2_N001,LMP,22.64116
2021-10-26T14:00:00Z,2021-10-26T15:00:00Z,2021-10-26,8,IRONMTN_2_N001,LMP,76.26018
2021-10-27T05:00:00Z,2021-10-27T06:00:00Z,2021-10-26,23,IRONMTN_2_N001,LMP,67.3294
2021-10-27T01:00:00Z,2021-10-27T02:00:00Z,2021-10-26,19,IRONMTN_2_N001,LMP,90.03435
2021-10-26T11:00:00Z,2021-10-26T12:00:00Z,2021-10-26,5,IRONMTN_2_N001,LMP,52.61033
2021-10-26T07:00:00Z,2021-10-26T08:00:00Z,2021-10-26,1,IRONMTN_2_N001,LMP,53.63394
2021-10-26T22:00:00Z,2021-10-26T23:00:00Z,2021-10-26,16,IRONMTN_2_N001,LMP,31.32281
2021-10-26T13:00:00Z,2021-10-26T14:00:00Z,2021-10-26,7,IRONMTN_2_N001,LMP,72.80138
2021-10-26T12:00:00Z,2021-10-26T13:00:00Z,2021-10-26,6,IRONMTN_2_N001,LMP,60.68261
2021-10-26T19:00:00Z,2021-10-26T20:00:00Z,2021-10-26,13,IRONMTN_2_N001,LMP,22.73729
2021-10-26T16:00:00Z,2021-10-26T17:00:00Z,2021-10-26,10,IRONMTN_2_N001,LMP,34.72536
2021-10-27T02:00:00Z,2021-10-27T03:00:00Z,2021-10-26,20,IRONMTN_2_N001,LMP,82.04475
2021-10-26T08:00:00Z,2021-10-26T09:00:00Z,2021-10-26,2,IRONMTN_2_N001,LMP,52.24049
2021-10-27T04:00:00Z,2021-10-27T05:00:00Z,2021-10-26,22,IRONMTN_2_N001,LMP,70.83313
2021-10-26T09:00:00Z,2021-10-26T10:00:00Z,2021-10-26,3,IRONMTN_2_N001,LMP,51.18045
2021-10-26T23:00:00Z,2021-10-27T00:00:00Z,2021-10-26,17,IRONMTN_2_N001,LMP,50.55975
2021-10-27T03:00:00Z,2021-10-27T04:00:00Z,2021-10-26,21,IRONMTN_2_N001,LMP,74.58513
2021-10-27T11:00:00Z,2021-10-27T12:00:00Z,2021-10-27,5,IRONMTN_2_N001,LMP,57.71572
2021-10-27T14:00:00Z,2021-10-27T15:00:00Z,2021-10-27,8,IRONMTN_2_N001,LMP,78.73974
2021-10-27T13:00:00Z,2021-10-27T14:00:00Z,2021-10-27,7,IRONMTN_2_N001,LMP,79.05516
2021-10-27T15:00:00Z,2021-10-27T16:00:00Z,2021-10-27,9,IRONMTN_2_N001,LMP,59.42553
2021-10-27T21:00:00Z,2021-10-27T22:00:00Z,2021-10-27,15,IRONMTN_2_N001,LMP,42.06564
2021-10-27T19:00:00Z,2021-10-27T20:00:00Z,2021-10-27,13,IRONMTN_2_N001,LMP,36.41644
2021-10-27T22:00:00Z,2021-10-27T23:00:00Z,2021-10-27,16,IRONMTN_2_N001,LMP,51.23534
2021-10-27T18:00:00Z,2021-10-27T19:00:00Z,2021-10-27,12,IRONMTN_2_N001,LMP,35.07301
2021-10-27T20:00:00Z,2021-10-27T21:00:00Z,2021-10-27,14,IRONMTN_2_N001,LMP,38.89904
2021-10-27T23:00:00Z,2021-10-28T00:00:00Z,2021-10-27,17,IRONMTN_2_N001,LMP,62.09551
2021-10-28T00:00:00Z,2021-10-28T01:00:00Z,2021-10-27,18,IRONMTN_2_N001,LMP,89.19347
2021-10-28T04:00:00Z,2021-10-28T05:00:00Z,2021-10-27,22,IRONMTN_2_N001,LMP,82.02486
2021-10-27T17:00:00Z,2021-10-27T18:00:00Z,2021-10-27,11,IRONMTN_2_N001,LMP,37.71075
2021-10-27T07:00:00Z,2021-10-27T08:00:00Z,2021-10-27,1,IRONMTN_2_N001,LMP,62.82655
2021-10-27T08:00:00Z,2021-10-27T09:00:00Z,2021-10-27,2,IRONMTN_2_N001,LMP,59.15934
2021-10-28T01:00:00Z,2021-10-28T02:00:00Z,2021-10-27,19,IRONMTN_2_N001,LMP,100.62545
2021-10-28T02:00:00Z,2021-10-28T03:00:00Z,2021-10-27,20,IRONMTN_2_N001,LMP,84.30168
2021-10-28T03:00:00Z,2021-10-28T04:00:00Z,2021-10-27,21,IRONMTN_2_N001,LMP,77.57763
2021-10-27T16:00:00Z,2021-10-27T17:00:00Z,2021-10-27,10,IRONMTN_2_N001,LMP,43.48216
2021-10-27T09:00:00Z,2021-10-27T10:00:00Z,2021-10-27,3,IRONMTN_2_N001,LMP,57.64732
2021-10-27T10:00:00Z,2021-10-27T11:00:00Z,2021-10-27,4,IRONMTN_2_N001,LMP,56.86239
2021-10-27T12:00:00Z,2021-10-27T13:00:00Z,2021-10-27,6,IRONMTN_2_N001,LMP,64.36573
2021-10-28T06:00:00Z,2021-10-28T07:00:00Z,2021-10-27,24,IRONMTN_2_N001,LMP,64.94182
2021-10-28T05:00:00Z,2021-10-28T06:00:00Z,2021-10-27,23,IRONMTN_2_N001,LMP,73.25847
2021-10-28T10:00:00Z,2021-10-28T11:00:00Z,2021-10-28,4,IRONMTN_2_N001,LMP,58.08378
2021-10-29T01:00:00Z,2021-10-29T02:00:00Z,2021-10-28,19,IRONMTN_2_N001,LMP,134.56601
2021-10-28T21:00:00Z,2021-10-28T22:00:00Z,2021-10-28,15,IRONMTN_2_N001,LMP,52.5886
2021-10-28T22:00:00Z,2021-10-28T23:00:00Z,2021-10-28,16,IRONMTN_2_N001,LMP,57.78782
2021-10-28T09:00:00Z,2021-10-28T10:00:00Z,2021-10-28,3,IRONMTN_2_N001,LMP,56.97778
2021-10-28T12:00:00Z,2021-10-28T13:00:00Z,2021-10-28,6,IRONMTN_2_N001,LMP,65.89333
2021-10-28T08:00:00Z,2021-10-28T09:00:00Z,2021-10-28,2,IRONMTN_2_N001,LMP,58.90826
2021-10-29T03:00:00Z,2021-10-29T04:00:00Z,2021-10-28,21,IRONMTN_2_N001,LMP,85.28131
2021-10-28T17:00:00Z,2021-10-28T18:00:00Z,2021-10-28,11,IRONMTN_2_N001,LMP,43.51991
2021-10-28T19:00:00Z,2021-10-28T20:00:00Z,2021-10-28,13,IRONMTN_2_N001,LMP,46.02567
2021-10-28T14:00:00Z,2021-10-28T15:00:00Z,2021-10-28,8,IRONMTN_2_N001,LMP,85.9937
2021-10-28T13:00:00Z,2021-10-28T14:00:00Z,2021-10-28,7,IRONMTN_2_N001,LMP,81.1944
2021-10-29T05:00:00Z,2021-10-29T06:00:00Z,2021-10-28,23,IRONMTN_2_N001,LMP,72.34227
2021-10-29T06:00:00Z,2021-10-29T07:00:00Z,2021-10-28,24,IRONMTN_2_N001,LMP,65.83726
2021-10-28T16:00:00Z,2021-10-28T17:00:00Z,2021-10-28,10,IRONMTN_2_N001,LMP,47.12016
2021-10-28T20:00:00Z,2021-10-28T21:00:00Z,2021-10-28,14,IRONMTN_2_N001,LMP,49.27411
2021-10-29T00:00:00Z,2021-10-29T01:00:00Z,2021-10-28,18,IRONMTN_2_N001,LMP,98.45418
2021-10-28T07:00:00Z,2021-10-28T08:00:00Z,2021-10-28,1,IRONMTN_2_N001,LMP,61.5338
2021-10-28T11:00:00Z,2021-10-28T12:00:00Z,2021-10-28,5,IRONMTN_2_N001,LMP,58.48188
2021-10-29T02:00:00Z,2021-10-29T03:00:00Z,2021-10-28,20,IRONMTN_2_N001,LMP,103.53771
2021-10-28T15:00:00Z,2021-10-28T16:00:00Z,2021-10-28,9,IRONMTN_2_N001,LMP,58.27821
2021-10-28T18:00:00Z,2021-10-28T19:00:00Z,2021-10-28,12,IRONMTN_2_N001,LMP,44.22422
2021-10-28T23:00:00Z,2021-10-29T00:00:00Z,2021-10-28,17,IRONMTN_2_N001,LMP,67.54939
2021-10-29T04:00:00Z,2021-10-29T05:00:00Z,2021-10-28,22,IRONMTN_2_N001,LMP,82.81162
2021-10-30T00:00:00Z,2021-10-30T01:00:00Z,2021-10-29,18,IRONMTN_2_N001,LMP,97.45873
2021-10-29T13:00:00Z,2021-10-29T14:00:00Z,2021-10-29,7,IRONMTN_2_N001,LMP,85.16316
2021-10-30T05:00:00Z,2021-10-30T06:00:00Z,2021-10-29,23,IRONMTN_2_N001,LMP,67.77018
2021-10-29T11:00:00Z,2021-10-29T12:00:00Z,2021-10-29,5,IRONMTN_2_N001,LMP,60.29816
2021-10-30T02:00:00Z,2021-10-30T03:00:00Z,2021-10-29,20,IRONMTN_2_N001,LMP,88.08802
2021-10-29T09:00:00Z,2021-10-29T10:00:00Z,2021-10-29,3,IRONMTN_2_N001,LMP,56.38489
2021-10-29T21:00:00Z,2021-10-29T22:00:00Z,2021-10-29,15,IRONMTN_2_N001,LMP,50.81982
2021-10-29T19:00:00Z,2021-10-29T20:00:00Z,2021-10-29,13,IRONMTN_2_N001,LMP,45.49728
2021-10-29T08:00:00Z,2021-10-29T09:00:00Z,2021-10-29,2,IRONMTN_2_N001,LMP,62.72447
2021-10-29T12:00:00Z,2021-10-29T13:00:00Z,2021-10-29,6,IRONMTN_2_N001,LMP,63.55953
2021-10-29T07:00:00Z,2021-10-29T08:00:00Z,2021-10-29,1,IRONMTN_2_N001,LMP,64.26693
2021-10-30T06:00:00Z,2021-10-30T07:00:00Z,2021-10-29,24,IRONMTN_2_N001,LMP,63.85227
2021-10-29T20:00:00Z,2021-10-29T21:00:00Z,2021-10-29,14,IRONMTN_2_N001,LMP,46.5764
2021-10-30T04:00:00Z,2021-10-30T05:00:00Z,2021-10-29,22,IRONMTN_2_N001,LMP,77.88284
2021-10-30T01:00:00Z,2021-10-30T02:00:00Z,2021-10-29,19,IRONMTN_2_N001,LMP,105.26947
2021-10-29T22:00:00Z,2021-10-29T23:00:00Z,2021-10-29,16,IRONMTN_2_N001,LMP,55.31588
2021-10-29T18:00:00Z,2021-10-29T19:00:00Z,2021-10-29,12,IRONMTN_2_N001,LMP,45.26063
2021-10-29T14:00:00Z,2021-10-29T15:00:00Z,2021-10-29,8,IRONMTN_2_N001,LMP,86.48937
2021-10-29T17:00:00Z,2021-10-29T18:00:00Z,2021-10-29,11,IRONMTN_2_N001,LMP,45.14292
2021-10-30T03:00:00Z,2021-10-30T04:00:00Z,2021-10-29,21,IRONMTN_2_N001,LMP,77.23483
2021-10-29T10:00:00Z,2021-10-29T11:00:00Z,2021-10-29,4,IRONMTN_2_N001,LMP,57.56675
2021-10-29T16:00:00Z,2021-10-29T17:00:00Z,2021-10-29,10,IRONMTN_2_N001,LMP,50.48126
2021-10-29T23:00:00Z,2021-10-30T00:00:00Z,2021-10-29,17,IRONMTN_2_N001,LMP,67.93124
2021-10-29T15:00:00Z,2021-10-29T16:00:00Z,2021-10-29,9,IRONMTN_2_N001,LMP,59.00705
2021-10-30T17:00:00Z,2021-10-30T18:00:00Z,2021-10-30,11,IRONMTN_2_N001,LMP,32.39109
2021-10-30T22:00:00Z,2021-10-30T23:00:00Z,2021-10-30,16,IRONMTN_2_N001,LMP,50.65851
2021-10-30T15:00:00Z,2021-10-30T16:00:00Z,2021-10-30,9,IRONMTN_2_N001,LMP,51.72672
2021-10-30T18:00:00Z,2021-10-30T19:00:00Z,2021-10-30,12,IRONMTN_2_N001,LMP,33.16505
2021-10-30T20:00:00Z,2021-10-30T21:00:00Z,2021-10-30,14,IRONMTN_2_N001,LMP,41.56284
2021-10-30T10:00:00Z,2021-10-30T11:00:00Z,2021-10-30,4,IRONMTN_2_N001,LMP,56.93344
2021-10-30T14:00:00Z,2021-10-30T15:00:00Z,2021-10-30,8,IRONMTN_2_N001,LMP,67.52949
2021-10-30T19:00:00Z,2021-10-30T20:00:00Z,2021-10-30,13,IRONMTN_2_N001,LMP,37.29047
2021-10-30T09:00:00Z,2021-10-30T10:00:00Z,2021-10-30,3,IRONMTN_2_N001,LMP,59.1
2021-10-30T12:00:00Z,2021-10-30T13:00:00Z,2021-10-30,6,IRONMTN_2_N001,LMP,59.18548
2021-10-31T00:00:00Z,2021-10-31T01:00:00Z,2021-10-30,18,IRONMTN_2_N001,LMP,78.40853
2021-10-31T03:00:00Z,2021-10-31T04:00:00Z,2021-10-30,21,IRONMTN_2_N001,LMP,67.47094
2021-10-30T23:00:00Z,2021-10-31T00:00:00Z,2021-10-30,17,IRONMTN_2_N001,LMP,62.1061
2021-10-30T13:00:00Z,2021-10-30T14:00:00Z,2021-10-30,7,IRONMTN_2_N001,LMP,63.27144
2021-10-31T04:00:00Z,2021-10-31T05:00:00Z,2021-10-30,22,IRONMTN_2_N001,LMP,73.06
2021-10-30T08:00:00Z,2021-10-30T09:00:00Z,2021-10-30,2,IRONMTN_2_N001,LMP,61.46
2021-10-30T11:00:00Z,2021-10-30T12:00:00Z,2021-10-30,5,IRONMTN_2_N001,LMP,56.93344
2021-10-31T01:00:00Z,2021-10-31T02:00:00Z,2021-10-30,19,IRONMTN_2_N001,LMP,81.79064
2021-10-31T06:00:00Z,2021-10-31T07:00:00Z,2021-10-30,24,IRONMTN_2_N001,LMP,57.19674
2021-10-30T07:00:00Z,2021-10-30T08:00:00Z,2021-10-30,1,IRONMTN_2_N001,LMP,60.48512
2021-10-31T02:00:00Z,2021-10-31T03:00:00Z,2021-10-30,20,IRONMTN_2_N001,LMP,74.24492
2021-10-31T05:00:00Z,2021-10-31T06:00:00Z,2021-10-30,23,IRONMTN_2_N001,LMP,62.65532
2021-10-30T16:00:00Z,2021-10-30T17:00:00Z,2021-10-30,10,IRONMTN_2_N001,LMP,43.47488
2021-10-30T21:00:00Z,2021-10-30T22:00:00Z,2021-10-30,15,IRONMTN_2_N001,LMP,45.83589
2021-10-31T23:00:00Z,2021-11-01T00:00:00Z,2021-10-31,17,IRONMTN_2_N001,LMP,52.38744
2021-10-31T20:00:00Z,2021-10-31T21:00:00Z,2021-10-31,14,IRONMTN_2_N001,LMP,32.23755
2021-11-01T03:00:00Z,2021-11-01T04:00:00Z,2021-10-31,21,IRONMTN_2_N001,LMP,68.86763
2021-10-31T21:00:00Z,2021-10-31T22:00:00Z,2021-10-31,15,IRONMTN_2_N001,LMP,40.39438
2021-10-31T07:00:00Z,2021-10-31T08:00:00Z,2021-10-31,1,IRONMTN_2_N001,LMP,55.48189
2021-10-31T13:00:00Z,2021-10-31T14:00:00Z,2021-10-31,7,IRONMTN_2_N001,LMP,61.71336
2021-10-31T22:00:00Z,2021-10-31T23:00:00Z,2021-10-31,16,IRONMTN_2_N001,LMP,47.50004
2021-10-31T12:00:00Z,2021-10-31T13:00:00Z,2021-10-31,6,IRONMTN_2_N001,LMP,55.15056
2021-11-01T02:00:00Z,2021-11-01T03:00:00Z,2021-10-31,20,IRONMTN_2_N001,LMP,73.63014
2021-11-01T04:00:00Z,2021-11-01T05:00:00Z,2021-10-31,22,IRONMTN_2_N001,LMP,68.20364
2021-11-01T00:00:00Z,2021-11-01T01:00:00Z,2021-10-31,18,IRONMTN_2_N001,LMP,72.31592
2021-10-31T15:00:00Z,2021-10-31T16:00:00Z,2021-10-31,9,IRONMTN_2_N001,LMP,52.93314
2021-10-31T18:00:00Z,2021-10-31T19:00:00Z,2021-10-31,12,IRONMTN_2_N001,LMP,30.07697
2021-11-01T01:00:00Z,2021-11-01T02:00:00Z,2021-10-31,19,IRONMTN_2_N001,LMP,78.59961
2021-10-31T08:00:00Z,2021-10-31T09:00:00Z,2021-10-31,2,IRONMTN_2_N001,LMP,54.98152
2021-10-31T09:00:00Z,2021-10-31T10:00:00Z,2021-10-31,3,IRONMTN_2_N001,LMP,53.17614
2021-10-31T14:00:00Z,2021-10-31T15:00:00Z,2021-10-31,8,IRONMTN_2_N001,LMP,55.56506
2021-11-01T05:00:00Z,2021-11-01T06:00:00Z,2021-10-31,23,IRONMTN_2_N001,LMP,64.36946
2021-11-01T06:00:00Z,2021-11-01T07:00:00Z,2021-10-31,24,IRONMTN_2_N001,LMP,59.40025
2021-10-31T19:00:00Z,2021-10-31T20:00:00Z,2021-10-31,13,IRONMTN_2_N001,LMP,30.16869
2021-10-31T16:00:00Z,2021-10-31T17:00:00Z,2021-10-31,10,IRONMTN_2_N001,LMP,41.67732
2021-10-31T17:00:00Z,2021-10-31T18:00:00Z,2021-10-31,11,IRONMTN_2_N001,LMP,29.57465
2021-10-31T11:00:00Z,2021-10-31T12:00:00Z,2021-10-31,5,IRONMTN_2_N001,LMP,52.17391
2021-10-31T10:00:00Z,2021-10-31T11:00:00Z,2021-10-31,4,IRONMTN_2_N001,LMP,53.97
